,feature,importance_gain,importance_split,trn_score,run
0,NAME_CONTRACT_TYPE,209.13144063949585,22,0.7113861787042597,1
1,CODE_GENDER,401.92840099334717,77,0.7113861787042597,1
2,FLAG_OWN_CAR,219.94323420524597,37,0.7113861787042597,1
3,FLAG_OWN_REALTY,520.1701583862305,74,0.7113861787042597,1
4,CNT_CHILDREN,560.7858948409557,66,0.7113861787042597,1
5,AMT_INCOME_TOTAL,6226.195576488972,638,0.7113861787042597,1
6,AMT_CREDIT,5632.84118565917,605,0.7113861787042597,1
7,AMT_ANNUITY,7291.155352115631,720,0.7113861787042597,1
8,AMT_GOODS_PRICE,4659.386060088873,464,0.7113861787042597,1
9,NAME_TYPE_SUITE,408.788450717926,47,0.7113861787042597,1
10,NAME_INCOME_TYPE,56.59317111968994,6,0.7113861787042597,1
11,NAME_EDUCATION_TYPE,175.888249874115,20,0.7113861787042597,1
12,NAME_FAMILY_STATUS,492.8854093551636,55,0.7113861787042597,1
13,NAME_HOUSING_TYPE,255.13520002365112,29,0.7113861787042597,1
14,REGION_POPULATION_RELATIVE,5268.816112160683,515,0.7113861787042597,1
15,DAYS_BIRTH,8141.653064548969,826,0.7113861787042597,1
16,DAYS_EMPLOYED,7563.1880604326725,770,0.7113861787042597,1
17,DAYS_REGISTRATION,8170.28965434432,800,0.7113861787042597,1
18,DAYS_ID_PUBLISH,8867.02870336175,857,0.7113861787042597,1
19,OWN_CAR_AGE,4584.345691770315,448,0.7113861787042597,1
20,FLAG_MOBIL,0.0,0,0.7113861787042597,1
21,FLAG_EMP_PHONE,64.9435887336731,7,0.7113861787042597,1
22,FLAG_WORK_PHONE,467.10334157943726,42,0.7113861787042597,1
23,FLAG_CONT_MOBILE,0.0,0,0.7113861787042597,1
24,FLAG_PHONE,393.9101425409317,45,0.7113861787042597,1
25,FLAG_EMAIL,345.2824909687042,35,0.7113861787042597,1
26,OCCUPATION_TYPE,4382.676511287689,424,0.7113861787042597,1
27,CNT_FAM_MEMBERS,937.748047798872,100,0.7113861787042597,1
28,REGION_RATING_CLIENT,324.9273484945297,40,0.7113861787042597,1
29,REGION_RATING_CLIENT_W_CITY,294.36069893836975,33,0.7113861787042597,1
30,WEEKDAY_APPR_PROCESS_START,1227.4406957626343,127,0.7113861787042597,1
31,HOUR_APPR_PROCESS_START,3921.331607103348,376,0.7113861787042597,1
32,REG_REGION_NOT_LIVE_REGION,239.98472023010254,26,0.7113861787042597,1
33,REG_REGION_NOT_WORK_REGION,269.6072381734848,30,0.7113861787042597,1
34,LIVE_REGION_NOT_WORK_REGION,389.8590450286865,39,0.7113861787042597,1
35,REG_CITY_NOT_LIVE_CITY,268.38053131103516,30,0.7113861787042597,1
36,REG_CITY_NOT_WORK_CITY,341.61077070236206,33,0.7113861787042597,1
37,LIVE_CITY_NOT_WORK_CITY,263.63353860378265,27,0.7113861787042597,1
38,ORGANIZATION_TYPE,12441.811533212662,908,0.7113861787042597,1
39,EXT_SOURCE_1,9164.882300049067,890,0.7113861787042597,1
40,EXT_SOURCE_2,8589.17817595601,812,0.7113861787042597,1
41,EXT_SOURCE_3,11713.134961277246,1113,0.7113861787042597,1
42,APARTMENTS_AVG,3507.163591951132,330,0.7113861787042597,1
43,BASEMENTAREA_AVG,3983.2529792785645,384,0.7113861787042597,1
44,YEARS_BEGINEXPLUATATION_AVG,3844.9660888910294,366,0.7113861787042597,1
45,YEARS_BUILD_AVG,3524.4596037864685,323,0.7113861787042597,1
46,COMMONAREA_AVG,3758.1677971482277,354,0.7113861787042597,1
47,ELEVATORS_AVG,1266.1199506521225,114,0.7113861787042597,1
48,ENTRANCES_AVG,2375.0191122293472,220,0.7113861787042597,1
49,FLOORSMAX_AVG,1242.3791780471802,113,0.7113861787042597,1
50,FLOORSMIN_AVG,1538.7662966251373,148,0.7113861787042597,1
51,LANDAREA_AVG,4559.6170210540295,425,0.7113861787042597,1
52,LIVINGAPARTMENTS_AVG,2533.03593814373,229,0.7113861787042597,1
53,LIVINGAREA_AVG,2951.5786740779877,263,0.7113861787042597,1
54,NONLIVINGAPARTMENTS_AVG,1458.5086961388588,148,0.7113861787042597,1
55,NONLIVINGAREA_AVG,3687.071027457714,330,0.7113861787042597,1
56,APARTMENTS_MODE,2985.9425490498543,283,0.7113861787042597,1
57,BASEMENTAREA_MODE,3372.661129951477,295,0.7113861787042597,1
58,YEARS_BEGINEXPLUATATION_MODE,3367.697189450264,301,0.7113861787042597,1
59,YEARS_BUILD_MODE,2288.839097261429,213,0.7113861787042597,1
60,COMMONAREA_MODE,3947.769673705101,362,0.7113861787042597,1
61,ELEVATORS_MODE,1163.5767500400543,105,0.7113861787042597,1
62,ENTRANCES_MODE,1280.806928396225,118,0.7113861787042597,1
63,FLOORSMAX_MODE,725.8023579120636,64,0.7113861787042597,1
64,FLOORSMIN_MODE,920.3719797134399,84,0.7113861787042597,1
65,LANDAREA_MODE,4016.4987838864326,370,0.7113861787042597,1
66,LIVINGAPARTMENTS_MODE,3246.0187073946,295,0.7113861787042597,1
67,LIVINGAREA_MODE,2851.6539359092712,263,0.7113861787042597,1
68,NONLIVINGAPARTMENTS_MODE,1255.637419104576,118,0.7113861787042597,1
69,NONLIVINGAREA_MODE,3573.406898498535,307,0.7113861787042597,1
70,APARTMENTS_MEDI,1796.3521966338158,155,0.7113861787042597,1
71,BASEMENTAREA_MEDI,2339.4605197906494,209,0.7113861787042597,1
72,YEARS_BEGINEXPLUATATION_MEDI,2035.3721599578857,191,0.7113861787042597,1
73,YEARS_BUILD_MEDI,1248.935908794403,116,0.7113861787042597,1
74,COMMONAREA_MEDI,2150.3587456941605,206,0.7113861787042597,1
75,ELEVATORS_MEDI,499.9272017478943,46,0.7113861787042597,1
76,ENTRANCES_MEDI,845.3218598365784,72,0.7113861787042597,1
77,FLOORSMAX_MEDI,562.4826674461365,52,0.7113861787042597,1
78,FLOORSMIN_MEDI,382.3180389404297,40,0.7113861787042597,1
79,LANDAREA_MEDI,2789.053894162178,258,0.7113861787042597,1
80,LIVINGAPARTMENTS_MEDI,1918.7774113416672,190,0.7113861787042597,1
81,LIVINGAREA_MEDI,2448.9498106837273,221,0.7113861787042597,1
82,NONLIVINGAPARTMENTS_MEDI,783.6390224695206,80,0.7113861787042597,1
83,NONLIVINGAREA_MEDI,2751.010252714157,250,0.7113861787042597,1
84,FONDKAPREMONT_MODE,176.33451080322266,19,0.7113861787042597,1
85,HOUSETYPE_MODE,112.36896014213562,12,0.7113861787042597,1
86,TOTALAREA_MODE,3385.854449033737,297,0.7113861787042597,1
87,WALLSMATERIAL_MODE,384.71942043304443,43,0.7113861787042597,1
88,EMERGENCYSTATE_MODE,58.47845017910004,10,0.7113861787042597,1
89,OBS_30_CNT_SOCIAL_CIRCLE,1856.1052575707436,188,0.7113861787042597,1
90,DEF_30_CNT_SOCIAL_CIRCLE,692.1954615116119,70,0.7113861787042597,1
91,OBS_60_CNT_SOCIAL_CIRCLE,1582.4395278692245,156,0.7113861787042597,1
92,DEF_60_CNT_SOCIAL_CIRCLE,628.1565096974373,67,0.7113861787042597,1
93,DAYS_LAST_PHONE_CHANGE,7502.592297613621,732,0.7113861787042597,1
94,FLAG_DOCUMENT_2,0.0,0,0.7113861787042597,1
95,FLAG_DOCUMENT_3,291.90677881240845,31,0.7113861787042597,1
96,FLAG_DOCUMENT_4,0.0,0,0.7113861787042597,1
97,FLAG_DOCUMENT_5,197.0901494026184,19,0.7113861787042597,1
98,FLAG_DOCUMENT_6,95.6468997001648,12,0.7113861787042597,1
99,FLAG_DOCUMENT_7,7.49370002746582,1,0.7113861787042597,1
100,FLAG_DOCUMENT_8,206.16834104061127,23,0.7113861787042597,1
101,FLAG_DOCUMENT_9,182.52273988723755,17,0.7113861787042597,1
102,FLAG_DOCUMENT_10,0.0,0,0.7113861787042597,1
103,FLAG_DOCUMENT_11,75.54823923110962,9,0.7113861787042597,1
104,FLAG_DOCUMENT_12,0.0,0,0.7113861787042597,1
105,FLAG_DOCUMENT_13,88.29985046386719,9,0.7113861787042597,1
106,FLAG_DOCUMENT_14,35.189289569854736,4,0.7113861787042597,1
107,FLAG_DOCUMENT_15,47.275390625,5,0.7113861787042597,1
108,FLAG_DOCUMENT_16,162.514741897583,17,0.7113861787042597,1
109,FLAG_DOCUMENT_17,0.0,0,0.7113861787042597,1
110,FLAG_DOCUMENT_18,106.53849077224731,12,0.7113861787042597,1
111,FLAG_DOCUMENT_19,0.0,0,0.7113861787042597,1
112,FLAG_DOCUMENT_20,0.0,0,0.7113861787042597,1
113,FLAG_DOCUMENT_21,0.0,0,0.7113861787042597,1
114,AMT_REQ_CREDIT_BUREAU_HOUR,154.81396007537842,17,0.7113861787042597,1
115,AMT_REQ_CREDIT_BUREAU_DAY,113.14564990997314,12,0.7113861787042597,1
116,AMT_REQ_CREDIT_BUREAU_WEEK,401.1809712648392,42,0.7113861787042597,1
117,AMT_REQ_CREDIT_BUREAU_MON,1641.6310195922852,157,0.7113861787042597,1
118,AMT_REQ_CREDIT_BUREAU_QRT,1092.3332790732384,109,0.7113861787042597,1
119,AMT_REQ_CREDIT_BUREAU_YEAR,4313.054079532623,393,0.7113861787042597,1
0,NAME_CONTRACT_TYPE,202.35297799110413,27,0.7071711779902417,2
1,CODE_GENDER,461.22932973504066,88,0.7071711779902417,2
2,FLAG_OWN_CAR,233.5551626086235,44,0.7071711779902417,2
3,FLAG_OWN_REALTY,467.20674443244934,68,0.7071711779902417,2
4,CNT_CHILDREN,789.1768189668655,89,0.7071711779902417,2
5,AMT_INCOME_TOTAL,6041.145542412996,655,0.7071711779902417,2
6,AMT_CREDIT,6323.496804356575,665,0.7071711779902417,2
7,AMT_ANNUITY,7273.136983454227,723,0.7071711779902417,2
8,AMT_GOODS_PRICE,5435.464595675468,506,0.7071711779902417,2
9,NAME_TYPE_SUITE,581.6302266120911,61,0.7071711779902417,2
10,NAME_INCOME_TYPE,188.27229118347168,20,0.7071711779902417,2
11,NAME_EDUCATION_TYPE,193.6559600830078,21,0.7071711779902417,2
12,NAME_FAMILY_STATUS,316.40733003616333,36,0.7071711779902417,2
13,NAME_HOUSING_TYPE,241.76103162765503,27,0.7071711779902417,2
14,REGION_POPULATION_RELATIVE,5069.576601654291,502,0.7071711779902417,2
15,DAYS_BIRTH,7948.561751842499,795,0.7071711779902417,2
16,DAYS_EMPLOYED,7582.2395811975,766,0.7071711779902417,2
17,DAYS_REGISTRATION,6825.063413023949,677,0.7071711779902417,2
18,DAYS_ID_PUBLISH,8344.086467385292,840,0.7071711779902417,2
19,OWN_CAR_AGE,4160.667927622795,415,0.7071711779902417,2
20,FLAG_MOBIL,0.0,0,0.7071711779902417,2
21,FLAG_EMP_PHONE,14.248000144958496,1,0.7071711779902417,2
22,FLAG_WORK_PHONE,324.0217332839966,39,0.7071711779902417,2
23,FLAG_CONT_MOBILE,53.344300270080566,5,0.7071711779902417,2
24,FLAG_PHONE,465.492095887661,44,0.7071711779902417,2
25,FLAG_EMAIL,215.16332054138184,23,0.7071711779902417,2
26,OCCUPATION_TYPE,3989.6290040016174,362,0.7071711779902417,2
27,CNT_FAM_MEMBERS,1355.0910821557045,134,0.7071711779902417,2
28,REGION_RATING_CLIENT,517.3980576992035,48,0.7071711779902417,2
29,REGION_RATING_CLIENT_W_CITY,346.35103273391724,42,0.7071711779902417,2
30,WEEKDAY_APPR_PROCESS_START,1162.3001594543457,125,0.7071711779902417,2
31,HOUR_APPR_PROCESS_START,3566.738742828369,378,0.7071711779902417,2
32,REG_REGION_NOT_LIVE_REGION,184.75537061691284,18,0.7071711779902417,2
33,REG_REGION_NOT_WORK_REGION,147.66567158699036,15,0.7071711779902417,2
34,LIVE_REGION_NOT_WORK_REGION,197.25822043418884,22,0.7071711779902417,2
35,REG_CITY_NOT_LIVE_CITY,289.59907323122025,29,0.7071711779902417,2
36,REG_CITY_NOT_WORK_CITY,526.4991329312325,48,0.7071711779902417,2
37,LIVE_CITY_NOT_WORK_CITY,498.7926139831543,42,0.7071711779902417,2
38,ORGANIZATION_TYPE,12244.067029237747,945,0.7071711779902417,2
39,EXT_SOURCE_1,9276.92411711812,891,0.7071711779902417,2
40,EXT_SOURCE_2,8530.302389591932,788,0.7071711779902417,2
41,EXT_SOURCE_3,11339.793633073568,1074,0.7071711779902417,2
42,APARTMENTS_AVG,3351.3326101005077,306,0.7071711779902417,2
43,BASEMENTAREA_AVG,4026.4058721661568,370,0.7071711779902417,2
44,YEARS_BEGINEXPLUATATION_AVG,4525.095262795687,405,0.7071711779902417,2
45,YEARS_BUILD_AVG,3168.263321697712,293,0.7071711779902417,2
46,COMMONAREA_AVG,3599.204117655754,327,0.7071711779902417,2
47,ELEVATORS_AVG,930.4999238848686,92,0.7071711779902417,2
48,ENTRANCES_AVG,2940.2493836283684,265,0.7071711779902417,2
49,FLOORSMAX_AVG,1210.3178279995918,108,0.7071711779902417,2
50,FLOORSMIN_AVG,1988.0440608263016,181,0.7071711779902417,2
51,LANDAREA_AVG,4426.334477961063,405,0.7071711779902417,2
52,LIVINGAPARTMENTS_AVG,2801.1461426615715,246,0.7071711779902417,2
53,LIVINGAREA_AVG,3403.092162936926,295,0.7071711779902417,2
54,NONLIVINGAPARTMENTS_AVG,1268.2114270925522,121,0.7071711779902417,2
55,NONLIVINGAREA_AVG,3657.6473351716995,325,0.7071711779902417,2
56,APARTMENTS_MODE,3359.605997264385,300,0.7071711779902417,2
57,BASEMENTAREA_MODE,3321.1393756866455,292,0.7071711779902417,2
58,YEARS_BEGINEXPLUATATION_MODE,2849.227511525154,265,0.7071711779902417,2
59,YEARS_BUILD_MODE,2069.7339233756065,183,0.7071711779902417,2
60,COMMONAREA_MODE,3070.317660033703,281,0.7071711779902417,2
61,ELEVATORS_MODE,644.5050600767136,55,0.7071711779902417,2
62,ENTRANCES_MODE,1826.6848874092102,162,0.7071711779902417,2
63,FLOORSMAX_MODE,485.789870262146,49,0.7071711779902417,2
64,FLOORSMIN_MODE,757.908664047718,74,0.7071711779902417,2
65,LANDAREA_MODE,3544.0591490268707,309,0.7071711779902417,2
66,LIVINGAPARTMENTS_MODE,2911.1490290164948,262,0.7071711779902417,2
67,LIVINGAREA_MODE,3239.422543287277,287,0.7071711779902417,2
68,NONLIVINGAPARTMENTS_MODE,1037.361447095871,92,0.7071711779902417,2
69,NONLIVINGAREA_MODE,2914.731704592705,250,0.7071711779902417,2
70,APARTMENTS_MEDI,2015.0845733880997,172,0.7071711779902417,2
71,BASEMENTAREA_MEDI,2424.632660627365,203,0.7071711779902417,2
72,YEARS_BEGINEXPLUATATION_MEDI,1863.2897295951843,167,0.7071711779902417,2
73,YEARS_BUILD_MEDI,1254.2888425588608,117,0.7071711779902417,2
74,COMMONAREA_MEDI,1902.1205151975155,173,0.7071711779902417,2
75,ELEVATORS_MEDI,436.72386837005615,40,0.7071711779902417,2
76,ENTRANCES_MEDI,968.6839400529861,91,0.7071711779902417,2
77,FLOORSMAX_MEDI,432.5289902687073,42,0.7071711779902417,2
78,FLOORSMIN_MEDI,803.1859993934631,69,0.7071711779902417,2
79,LANDAREA_MEDI,2326.6101191043854,201,0.7071711779902417,2
80,LIVINGAPARTMENTS_MEDI,1531.3480722904205,146,0.7071711779902417,2
81,LIVINGAREA_MEDI,2248.509646654129,195,0.7071711779902417,2
82,NONLIVINGAPARTMENTS_MEDI,739.7612402439117,71,0.7071711779902417,2
83,NONLIVINGAREA_MEDI,2705.854030251503,236,0.7071711779902417,2
84,FONDKAPREMONT_MODE,324.59110927581787,32,0.7071711779902417,2
85,HOUSETYPE_MODE,103.0951795578003,11,0.7071711779902417,2
86,TOTALAREA_MODE,3844.2225733995438,348,0.7071711779902417,2
87,WALLSMATERIAL_MODE,318.83988761901855,33,0.7071711779902417,2
88,EMERGENCYSTATE_MODE,71.63110089302063,10,0.7071711779902417,2
89,OBS_30_CNT_SOCIAL_CIRCLE,1875.379923939705,187,0.7071711779902417,2
90,DEF_30_CNT_SOCIAL_CIRCLE,709.1579596996307,74,0.7071711779902417,2
91,OBS_60_CNT_SOCIAL_CIRCLE,1797.685781121254,180,0.7071711779902417,2
92,DEF_60_CNT_SOCIAL_CIRCLE,535.8845825195312,51,0.7071711779902417,2
93,DAYS_LAST_PHONE_CHANGE,6897.622223734856,649,0.7071711779902417,2
94,FLAG_DOCUMENT_2,0.0,0,0.7071711779902417,2
95,FLAG_DOCUMENT_3,495.08617520332336,43,0.7071711779902417,2
96,FLAG_DOCUMENT_4,0.0,0,0.7071711779902417,2
97,FLAG_DOCUMENT_5,108.54923868179321,11,0.7071711779902417,2
98,FLAG_DOCUMENT_6,64.38209056854248,7,0.7071711779902417,2
99,FLAG_DOCUMENT_7,8.494850158691406,1,0.7071711779902417,2
100,FLAG_DOCUMENT_8,434.4667897224426,45,0.7071711779902417,2
101,FLAG_DOCUMENT_9,54.600510120391846,5,0.7071711779902417,2
102,FLAG_DOCUMENT_10,0.0,0,0.7071711779902417,2
103,FLAG_DOCUMENT_11,52.63741970062256,6,0.7071711779902417,2
104,FLAG_DOCUMENT_12,0.0,0,0.7071711779902417,2
105,FLAG_DOCUMENT_13,39.48897981643677,4,0.7071711779902417,2
106,FLAG_DOCUMENT_14,76.50684022903442,7,0.7071711779902417,2
107,FLAG_DOCUMENT_15,25.530370235443115,3,0.7071711779902417,2
108,FLAG_DOCUMENT_16,211.19652032852173,22,0.7071711779902417,2
109,FLAG_DOCUMENT_17,0.0,0,0.7071711779902417,2
110,FLAG_DOCUMENT_18,95.15919923782349,11,0.7071711779902417,2
111,FLAG_DOCUMENT_19,0.0,0,0.7071711779902417,2
112,FLAG_DOCUMENT_20,6.622849941253662,1,0.7071711779902417,2
113,FLAG_DOCUMENT_21,0.0,0,0.7071711779902417,2
114,AMT_REQ_CREDIT_BUREAU_HOUR,272.5570225715637,27,0.7071711779902417,2
115,AMT_REQ_CREDIT_BUREAU_DAY,217.30959916114807,24,0.7071711779902417,2
116,AMT_REQ_CREDIT_BUREAU_WEEK,319.65664768218994,29,0.7071711779902417,2
117,AMT_REQ_CREDIT_BUREAU_MON,1452.8573578596115,150,0.7071711779902417,2
118,AMT_REQ_CREDIT_BUREAU_QRT,1414.8338146209717,127,0.7071711779902417,2
119,AMT_REQ_CREDIT_BUREAU_YEAR,3679.579551398754,357,0.7071711779902417,2
0,NAME_CONTRACT_TYPE,145.4306986629963,26,0.6798740196181218,3
1,CODE_GENDER,470.68123030662537,100,0.6798740196181218,3
2,FLAG_OWN_CAR,248.5744282901287,56,0.6798740196181218,3
3,FLAG_OWN_REALTY,542.816444516182,72,0.6798740196181218,3
4,CNT_CHILDREN,805.3215883374214,91,0.6798740196181218,3
5,AMT_INCOME_TOTAL,5039.423570841551,563,0.6798740196181218,3
6,AMT_CREDIT,5081.767333418131,582,0.6798740196181218,3
7,AMT_ANNUITY,6154.6216278374195,631,0.6798740196181218,3
8,AMT_GOODS_PRICE,4680.977603316307,451,0.6798740196181218,3
9,NAME_TYPE_SUITE,547.6509742736816,54,0.6798740196181218,3
10,NAME_INCOME_TYPE,148.55283117294312,16,0.6798740196181218,3
11,NAME_EDUCATION_TYPE,85.71376132965088,9,0.6798740196181218,3
12,NAME_FAMILY_STATUS,436.25574111938477,46,0.6798740196181218,3
13,NAME_HOUSING_TYPE,212.07190942764282,22,0.6798740196181218,3
14,REGION_POPULATION_RELATIVE,5220.407584398985,522,0.6798740196181218,3
15,DAYS_BIRTH,8111.39291280508,827,0.6798740196181218,3
16,DAYS_EMPLOYED,6704.5151716172695,680,0.6798740196181218,3
17,DAYS_REGISTRATION,7456.475395590067,728,0.6798740196181218,3
18,DAYS_ID_PUBLISH,7665.310567885637,764,0.6798740196181218,3
19,OWN_CAR_AGE,3566.1128411889076,362,0.6798740196181218,3
20,FLAG_MOBIL,0.0,0,0.6798740196181218,3
21,FLAG_EMP_PHONE,83.97246670722961,9,0.6798740196181218,3
22,FLAG_WORK_PHONE,399.56826853752136,42,0.6798740196181218,3
23,FLAG_CONT_MOBILE,8.802510261535645,1,0.6798740196181218,3
24,FLAG_PHONE,339.88248777389526,37,0.6798740196181218,3
25,FLAG_EMAIL,337.69870007038116,37,0.6798740196181218,3
26,OCCUPATION_TYPE,4199.5810260772705,408,0.6798740196181218,3
27,CNT_FAM_MEMBERS,963.8669106960297,105,0.6798740196181218,3
28,REGION_RATING_CLIENT,371.97862124443054,38,0.6798740196181218,3
29,REGION_RATING_CLIENT_W_CITY,425.4400978088379,43,0.6798740196181218,3
30,WEEKDAY_APPR_PROCESS_START,1324.4285984039307,138,0.6798740196181218,3
31,HOUR_APPR_PROCESS_START,3116.74256503582,319,0.6798740196181218,3
32,REG_REGION_NOT_LIVE_REGION,101.57407855987549,12,0.6798740196181218,3
33,REG_REGION_NOT_WORK_REGION,154.69136214256287,19,0.6798740196181218,3
34,LIVE_REGION_NOT_WORK_REGION,153.51922082901,17,0.6798740196181218,3
35,REG_CITY_NOT_LIVE_CITY,193.5795380473137,26,0.6798740196181218,3
36,REG_CITY_NOT_WORK_CITY,216.06927156448364,18,0.6798740196181218,3
37,LIVE_CITY_NOT_WORK_CITY,269.04597878456116,28,0.6798740196181218,3
38,ORGANIZATION_TYPE,11449.768046855927,836,0.6798740196181218,3
39,EXT_SOURCE_1,7063.275565415621,695,0.6798740196181218,3
40,EXT_SOURCE_2,7719.690275490284,772,0.6798740196181218,3
41,EXT_SOURCE_3,10943.655104517937,1102,0.6798740196181218,3
42,APARTMENTS_AVG,3044.9963327646255,283,0.6798740196181218,3
43,BASEMENTAREA_AVG,4544.985309720039,400,0.6798740196181218,3
44,YEARS_BEGINEXPLUATATION_AVG,3669.264312326908,343,0.6798740196181218,3
45,YEARS_BUILD_AVG,3190.0043752789497,294,0.6798740196181218,3
46,COMMONAREA_AVG,3411.291423469782,302,0.6798740196181218,3
47,ELEVATORS_AVG,1340.4480637311935,111,0.6798740196181218,3
48,ENTRANCES_AVG,2128.1681609153748,204,0.6798740196181218,3
49,FLOORSMAX_AVG,1300.744219839573,132,0.6798740196181218,3
50,FLOORSMIN_AVG,1955.2335294485092,181,0.6798740196181218,3
51,LANDAREA_AVG,4187.383535206318,379,0.6798740196181218,3
52,LIVINGAPARTMENTS_AVG,2835.6585852503777,258,0.6798740196181218,3
53,LIVINGAREA_AVG,3292.3625116348267,295,0.6798740196181218,3
54,NONLIVINGAPARTMENTS_AVG,1397.682202577591,129,0.6798740196181218,3
55,NONLIVINGAREA_AVG,3503.1866803765297,306,0.6798740196181218,3
56,APARTMENTS_MODE,2769.9838739931583,260,0.6798740196181218,3
57,BASEMENTAREA_MODE,3320.8066662549973,304,0.6798740196181218,3
58,YEARS_BEGINEXPLUATATION_MODE,2720.7168967723846,257,0.6798740196181218,3
59,YEARS_BUILD_MODE,1693.7781688570976,150,0.6798740196181218,3
60,COMMONAREA_MODE,3554.1341693401337,318,0.6798740196181218,3
61,ELEVATORS_MODE,767.5588108301163,70,0.6798740196181218,3
62,ENTRANCES_MODE,1115.6541932225227,116,0.6798740196181218,3
63,FLOORSMAX_MODE,656.4541850090027,61,0.6798740196181218,3
64,FLOORSMIN_MODE,725.7656497955322,71,0.6798740196181218,3
65,LANDAREA_MODE,3643.9756477475166,352,0.6798740196181218,3
66,LIVINGAPARTMENTS_MODE,2540.4192945957184,238,0.6798740196181218,3
67,LIVINGAREA_MODE,2825.6363075375557,252,0.6798740196181218,3
68,NONLIVINGAPARTMENTS_MODE,999.5923750400543,87,0.6798740196181218,3
69,NONLIVINGAREA_MODE,3161.1401183605194,280,0.6798740196181218,3
70,APARTMENTS_MEDI,1621.9221451282501,150,0.6798740196181218,3
71,BASEMENTAREA_MEDI,2460.9515904188156,217,0.6798740196181218,3
72,YEARS_BEGINEXPLUATATION_MEDI,2036.8253027200699,187,0.6798740196181218,3
73,YEARS_BUILD_MEDI,976.9090069532394,96,0.6798740196181218,3
74,COMMONAREA_MEDI,1776.7540929317474,174,0.6798740196181218,3
75,ELEVATORS_MEDI,377.56495118141174,34,0.6798740196181218,3
76,ENTRANCES_MEDI,642.8047051429749,61,0.6798740196181218,3
77,FLOORSMAX_MEDI,610.9409670829773,51,0.6798740196181218,3
78,FLOORSMIN_MEDI,520.1266403198242,52,0.6798740196181218,3
79,LANDAREA_MEDI,2623.9767414331436,228,0.6798740196181218,3
80,LIVINGAPARTMENTS_MEDI,1645.4298602342606,149,0.6798740196181218,3
81,LIVINGAREA_MEDI,2898.686547636986,249,0.6798740196181218,3
82,NONLIVINGAPARTMENTS_MEDI,765.8161633014679,66,0.6798740196181218,3
83,NONLIVINGAREA_MEDI,2835.2640315294266,231,0.6798740196181218,3
84,FONDKAPREMONT_MODE,143.20993947982788,15,0.6798740196181218,3
85,HOUSETYPE_MODE,123.32110095024109,14,0.6798740196181218,3
86,TOTALAREA_MODE,2829.8936346769333,268,0.6798740196181218,3
87,WALLSMATERIAL_MODE,222.44225215911865,21,0.6798740196181218,3
88,EMERGENCYSTATE_MODE,45.87659978866577,7,0.6798740196181218,3
89,OBS_30_CNT_SOCIAL_CIRCLE,1808.9853007793427,183,0.6798740196181218,3
90,DEF_30_CNT_SOCIAL_CIRCLE,617.9319932460785,65,0.6798740196181218,3
91,OBS_60_CNT_SOCIAL_CIRCLE,1786.2035670876503,181,0.6798740196181218,3
92,DEF_60_CNT_SOCIAL_CIRCLE,697.6711096763611,70,0.6798740196181218,3
93,DAYS_LAST_PHONE_CHANGE,5609.363197535276,563,0.6798740196181218,3
94,FLAG_DOCUMENT_2,0.0,0,0.6798740196181218,3
95,FLAG_DOCUMENT_3,387.3272297382355,35,0.6798740196181218,3
96,FLAG_DOCUMENT_4,0.0,0,0.6798740196181218,3
97,FLAG_DOCUMENT_5,142.7363109588623,13,0.6798740196181218,3
98,FLAG_DOCUMENT_6,72.79223108291626,7,0.6798740196181218,3
99,FLAG_DOCUMENT_7,0.0,0,0.6798740196181218,3
100,FLAG_DOCUMENT_8,241.1914944946766,27,0.6798740196181218,3
101,FLAG_DOCUMENT_9,63.905460357666016,5,0.6798740196181218,3
102,FLAG_DOCUMENT_10,0.0,0,0.6798740196181218,3
103,FLAG_DOCUMENT_11,101.74309921264648,10,0.6798740196181218,3
104,FLAG_DOCUMENT_12,0.0,0,0.6798740196181218,3
105,FLAG_DOCUMENT_13,38.96337080001831,4,0.6798740196181218,3
106,FLAG_DOCUMENT_14,0.0,0,0.6798740196181218,3
107,FLAG_DOCUMENT_15,0.0,0,0.6798740196181218,3
108,FLAG_DOCUMENT_16,103.70847034454346,11,0.6798740196181218,3
109,FLAG_DOCUMENT_17,620.4561791419983,47,0.6798740196181218,3
110,FLAG_DOCUMENT_18,66.18626070022583,6,0.6798740196181218,3
111,FLAG_DOCUMENT_19,0.0,0,0.6798740196181218,3
112,FLAG_DOCUMENT_20,0.0,0,0.6798740196181218,3
113,FLAG_DOCUMENT_21,0.0,0,0.6798740196181218,3
114,AMT_REQ_CREDIT_BUREAU_HOUR,137.0587283372879,14,0.6798740196181218,3
115,AMT_REQ_CREDIT_BUREAU_DAY,65.9017299413681,8,0.6798740196181218,3
116,AMT_REQ_CREDIT_BUREAU_WEEK,576.5086926221848,52,0.6798740196181218,3
117,AMT_REQ_CREDIT_BUREAU_MON,1419.5894656181335,137,0.6798740196181218,3
118,AMT_REQ_CREDIT_BUREAU_QRT,611.6770193576813,62,0.6798740196181218,3
119,AMT_REQ_CREDIT_BUREAU_YEAR,2414.9068800210953,256,0.6798740196181218,3
0,NAME_CONTRACT_TYPE,184.10929083824158,30,0.6639043005943865,4
1,CODE_GENDER,540.042980492115,86,0.6639043005943865,4
2,FLAG_OWN_CAR,168.21425437927246,36,0.6639043005943865,4
3,FLAG_OWN_REALTY,228.84521266818047,42,0.6639043005943865,4
4,CNT_CHILDREN,432.3963392972946,58,0.6639043005943865,4
5,AMT_INCOME_TOTAL,4263.456442952156,501,0.6639043005943865,4
6,AMT_CREDIT,4814.020017832518,542,0.6639043005943865,4
7,AMT_ANNUITY,5988.582622528076,624,0.6639043005943865,4
8,AMT_GOODS_PRICE,4015.12135592103,403,0.6639043005943865,4
9,NAME_TYPE_SUITE,392.664710521698,42,0.6639043005943865,4
10,NAME_INCOME_TYPE,48.85156965255737,6,0.6639043005943865,4
11,NAME_EDUCATION_TYPE,51.258159160614014,5,0.6639043005943865,4
12,NAME_FAMILY_STATUS,286.74602007865906,34,0.6639043005943865,4
13,NAME_HOUSING_TYPE,562.9500880241394,56,0.6639043005943865,4
14,REGION_POPULATION_RELATIVE,4173.820157915354,432,0.6639043005943865,4
15,DAYS_BIRTH,7365.228253990412,769,0.6639043005943865,4
16,DAYS_EMPLOYED,7018.325093507767,702,0.6639043005943865,4
17,DAYS_REGISTRATION,6428.675045162439,639,0.6639043005943865,4
18,DAYS_ID_PUBLISH,6104.183118313551,632,0.6639043005943865,4
19,OWN_CAR_AGE,2822.693065226078,288,0.6639043005943865,4
20,FLAG_MOBIL,0.0,0,0.6639043005943865,4
21,FLAG_EMP_PHONE,0.0,0,0.6639043005943865,4
22,FLAG_WORK_PHONE,225.57200026512146,22,0.6639043005943865,4
23,FLAG_CONT_MOBILE,566.1075868606567,46,0.6639043005943865,4
24,FLAG_PHONE,228.3011019229889,31,0.6639043005943865,4
25,FLAG_EMAIL,119.0131402015686,13,0.6639043005943865,4
26,OCCUPATION_TYPE,4278.843642711639,409,0.6639043005943865,4
27,CNT_FAM_MEMBERS,670.482883810997,72,0.6639043005943865,4
28,REGION_RATING_CLIENT,250.36483764648438,29,0.6639043005943865,4
29,REGION_RATING_CLIENT_W_CITY,245.0098204612732,28,0.6639043005943865,4
30,WEEKDAY_APPR_PROCESS_START,1788.413473367691,171,0.6639043005943865,4
31,HOUR_APPR_PROCESS_START,2963.8021884560585,300,0.6639043005943865,4
32,REG_REGION_NOT_LIVE_REGION,66.63252973556519,7,0.6639043005943865,4
33,REG_REGION_NOT_WORK_REGION,129.8260399401188,15,0.6639043005943865,4
34,LIVE_REGION_NOT_WORK_REGION,39.1161003112793,5,0.6639043005943865,4
35,REG_CITY_NOT_LIVE_CITY,120.17376947402954,12,0.6639043005943865,4
36,REG_CITY_NOT_WORK_CITY,119.35347902774811,14,0.6639043005943865,4
37,LIVE_CITY_NOT_WORK_CITY,337.28022238612175,40,0.6639043005943865,4
38,ORGANIZATION_TYPE,11032.625699043274,700,0.6639043005943865,4
39,EXT_SOURCE_1,6895.622815191746,660,0.6639043005943865,4
40,EXT_SOURCE_2,6861.537167608738,670,0.6639043005943865,4
41,EXT_SOURCE_3,8965.623434126377,875,0.6639043005943865,4
42,APARTMENTS_AVG,2633.647554785013,258,0.6639043005943865,4
43,BASEMENTAREA_AVG,3341.019243299961,308,0.6639043005943865,4
44,YEARS_BEGINEXPLUATATION_AVG,3484.0923633277416,321,0.6639043005943865,4
45,YEARS_BUILD_AVG,2307.3675284981728,239,0.6639043005943865,4
46,COMMONAREA_AVG,3167.44013774395,295,0.6639043005943865,4
47,ELEVATORS_AVG,1243.3884809017181,109,0.6639043005943865,4
48,ENTRANCES_AVG,2229.289729118347,212,0.6639043005943865,4
49,FLOORSMAX_AVG,1327.2397978305817,115,0.6639043005943865,4
50,FLOORSMIN_AVG,1670.6915565729141,148,0.6639043005943865,4
51,LANDAREA_AVG,3577.2653966248035,323,0.6639043005943865,4
52,LIVINGAPARTMENTS_AVG,1980.8717715144157,184,0.6639043005943865,4
53,LIVINGAREA_AVG,2743.5036895871162,247,0.6639043005943865,4
54,NONLIVINGAPARTMENTS_AVG,1309.1042167544365,132,0.6639043005943865,4
55,NONLIVINGAREA_AVG,2292.8950247764587,216,0.6639043005943865,4
56,APARTMENTS_MODE,3137.0557180047035,280,0.6639043005943865,4
57,BASEMENTAREA_MODE,2260.462959766388,195,0.6639043005943865,4
58,YEARS_BEGINEXPLUATATION_MODE,2366.2838680148125,213,0.6639043005943865,4
59,YEARS_BUILD_MODE,1783.795012831688,170,0.6639043005943865,4
60,COMMONAREA_MODE,2503.8729730844498,239,0.6639043005943865,4
61,ELEVATORS_MODE,593.661458492279,61,0.6639043005943865,4
62,ENTRANCES_MODE,1355.0802853107452,124,0.6639043005943865,4
63,FLOORSMAX_MODE,847.4463064670563,77,0.6639043005943865,4
64,FLOORSMIN_MODE,783.1976325511932,74,0.6639043005943865,4
65,LANDAREA_MODE,3014.784244596958,294,0.6639043005943865,4
66,LIVINGAPARTMENTS_MODE,2832.4545235037804,246,0.6639043005943865,4
67,LIVINGAREA_MODE,2435.054508447647,224,0.6639043005943865,4
68,NONLIVINGAPARTMENTS_MODE,780.0760453343391,78,0.6639043005943865,4
69,NONLIVINGAREA_MODE,1776.7973572015762,178,0.6639043005943865,4
70,APARTMENTS_MEDI,1683.8858493566513,150,0.6639043005943865,4
71,BASEMENTAREA_MEDI,1762.4325714111328,164,0.6639043005943865,4
72,YEARS_BEGINEXPLUATATION_MEDI,1770.6967272758484,169,0.6639043005943865,4
73,YEARS_BUILD_MEDI,790.3073709011078,74,0.6639043005943865,4
74,COMMONAREA_MEDI,1960.4566209316254,180,0.6639043005943865,4
75,ELEVATORS_MEDI,414.7955012321472,40,0.6639043005943865,4
76,ENTRANCES_MEDI,677.2256271839142,57,0.6639043005943865,4
77,FLOORSMAX_MEDI,390.22996068000793,38,0.6639043005943865,4
78,FLOORSMIN_MEDI,464.96912002563477,45,0.6639043005943865,4
79,LANDAREA_MEDI,1823.3437852859497,163,0.6639043005943865,4
80,LIVINGAPARTMENTS_MEDI,1596.4312946796417,143,0.6639043005943865,4
81,LIVINGAREA_MEDI,1740.2390117645264,165,0.6639043005943865,4
82,NONLIVINGAPARTMENTS_MEDI,708.2576713562012,72,0.6639043005943865,4
83,NONLIVINGAREA_MEDI,2016.3700067996979,190,0.6639043005943865,4
84,FONDKAPREMONT_MODE,69.46883010864258,7,0.6639043005943865,4
85,HOUSETYPE_MODE,170.4354317188263,17,0.6639043005943865,4
86,TOTALAREA_MODE,3736.598917543888,323,0.6639043005943865,4
87,WALLSMATERIAL_MODE,235.54854011535645,25,0.6639043005943865,4
88,EMERGENCYSTATE_MODE,71.7852714061737,10,0.6639043005943865,4
89,OBS_30_CNT_SOCIAL_CIRCLE,1384.041822195053,142,0.6639043005943865,4
90,DEF_30_CNT_SOCIAL_CIRCLE,463.7717075943947,47,0.6639043005943865,4
91,OBS_60_CNT_SOCIAL_CIRCLE,1104.148939549923,121,0.6639043005943865,4
92,DEF_60_CNT_SOCIAL_CIRCLE,278.2736704349518,33,0.6639043005943865,4
93,DAYS_LAST_PHONE_CHANGE,5995.905351698399,584,0.6639043005943865,4
94,FLAG_DOCUMENT_2,0.0,0,0.6639043005943865,4
95,FLAG_DOCUMENT_3,281.85274106264114,28,0.6639043005943865,4
96,FLAG_DOCUMENT_4,0.0,0,0.6639043005943865,4
97,FLAG_DOCUMENT_5,25.79667043685913,3,0.6639043005943865,4
98,FLAG_DOCUMENT_6,106.37116050720215,11,0.6639043005943865,4
99,FLAG_DOCUMENT_7,16.540669918060303,2,0.6639043005943865,4
100,FLAG_DOCUMENT_8,206.09002089500427,24,0.6639043005943865,4
101,FLAG_DOCUMENT_9,9.83882999420166,1,0.6639043005943865,4
102,FLAG_DOCUMENT_10,0.0,0,0.6639043005943865,4
103,FLAG_DOCUMENT_11,55.39775085449219,5,0.6639043005943865,4
104,FLAG_DOCUMENT_12,0.0,0,0.6639043005943865,4
105,FLAG_DOCUMENT_13,15.923269748687744,2,0.6639043005943865,4
106,FLAG_DOCUMENT_14,229.56682014465332,21,0.6639043005943865,4
107,FLAG_DOCUMENT_15,35.60102987289429,4,0.6639043005943865,4
108,FLAG_DOCUMENT_16,275.1502480506897,27,0.6639043005943865,4
109,FLAG_DOCUMENT_17,441.3034038543701,37,0.6639043005943865,4
110,FLAG_DOCUMENT_18,195.30881881713867,19,0.6639043005943865,4
111,FLAG_DOCUMENT_19,17.671740531921387,2,0.6639043005943865,4
112,FLAG_DOCUMENT_20,0.0,0,0.6639043005943865,4
113,FLAG_DOCUMENT_21,49.67483997344971,4,0.6639043005943865,4
114,AMT_REQ_CREDIT_BUREAU_HOUR,178.26634240150452,19,0.6639043005943865,4
115,AMT_REQ_CREDIT_BUREAU_DAY,106.12308931350708,9,0.6639043005943865,4
116,AMT_REQ_CREDIT_BUREAU_WEEK,271.87055921554565,28,0.6639043005943865,4
117,AMT_REQ_CREDIT_BUREAU_MON,1752.2599824666977,161,0.6639043005943865,4
118,AMT_REQ_CREDIT_BUREAU_QRT,879.3301005363464,95,0.6639043005943865,4
119,AMT_REQ_CREDIT_BUREAU_YEAR,2746.258718162775,266,0.6639043005943865,4
0,NAME_CONTRACT_TYPE,377.42185044288635,57,0.6872066003807996,5
1,CODE_GENDER,481.8879527449608,100,0.6872066003807996,5
2,FLAG_OWN_CAR,171.3531932234764,42,0.6872066003807996,5
3,FLAG_OWN_REALTY,586.8808737397194,85,0.6872066003807996,5
4,CNT_CHILDREN,474.345096886158,59,0.6872066003807996,5
5,AMT_INCOME_TOTAL,5484.752207368612,664,0.6872066003807996,5
6,AMT_CREDIT,4419.540618985891,560,0.6872066003807996,5
7,AMT_ANNUITY,6725.47299399972,708,0.6872066003807996,5
8,AMT_GOODS_PRICE,4086.239073842764,418,0.6872066003807996,5
9,NAME_TYPE_SUITE,362.31574153900146,37,0.6872066003807996,5
10,NAME_INCOME_TYPE,129.80634927749634,13,0.6872066003807996,5
11,NAME_EDUCATION_TYPE,67.01212978363037,7,0.6872066003807996,5
12,NAME_FAMILY_STATUS,794.918737411499,80,0.6872066003807996,5
13,NAME_HOUSING_TYPE,295.58051204681396,30,0.6872066003807996,5
14,REGION_POPULATION_RELATIVE,4016.268345028162,409,0.6872066003807996,5
15,DAYS_BIRTH,7584.25871476531,790,0.6872066003807996,5
16,DAYS_EMPLOYED,6932.102330982685,740,0.6872066003807996,5
17,DAYS_REGISTRATION,6868.710594624281,698,0.6872066003807996,5
18,DAYS_ID_PUBLISH,7417.233982861042,766,0.6872066003807996,5
19,OWN_CAR_AGE,3315.549690157175,349,0.6872066003807996,5
20,FLAG_MOBIL,0.0,0,0.6872066003807996,5
21,FLAG_EMP_PHONE,46.008201122283936,6,0.6872066003807996,5
22,FLAG_WORK_PHONE,358.02874137461185,38,0.6872066003807996,5
23,FLAG_CONT_MOBILE,48.87200975418091,5,0.6872066003807996,5
24,FLAG_PHONE,337.2307585477829,41,0.6872066003807996,5
25,FLAG_EMAIL,122.52502918243408,13,0.6872066003807996,5
26,OCCUPATION_TYPE,4060.9111256599426,389,0.6872066003807996,5
27,CNT_FAM_MEMBERS,866.5338047742844,88,0.6872066003807996,5
28,REGION_RATING_CLIENT,393.18124997615814,38,0.6872066003807996,5
29,REGION_RATING_CLIENT_W_CITY,375.965313911438,37,0.6872066003807996,5
30,WEEKDAY_APPR_PROCESS_START,1126.3459486961365,122,0.6872066003807996,5
31,HOUR_APPR_PROCESS_START,2965.5651274323463,306,0.6872066003807996,5
32,REG_REGION_NOT_LIVE_REGION,126.1687216758728,13,0.6872066003807996,5
33,REG_REGION_NOT_WORK_REGION,206.43960857391357,19,0.6872066003807996,5
34,LIVE_REGION_NOT_WORK_REGION,84.23261439800262,9,0.6872066003807996,5
35,REG_CITY_NOT_LIVE_CITY,155.34152960777283,18,0.6872066003807996,5
36,REG_CITY_NOT_WORK_CITY,281.1172524690628,37,0.6872066003807996,5
37,LIVE_CITY_NOT_WORK_CITY,283.7557512521744,35,0.6872066003807996,5
38,ORGANIZATION_TYPE,11686.281879901886,855,0.6872066003807996,5
39,EXT_SOURCE_1,7139.752406522632,716,0.6872066003807996,5
40,EXT_SOURCE_2,7962.10378485918,782,0.6872066003807996,5
41,EXT_SOURCE_3,10137.066714286804,1003,0.6872066003807996,5
42,APARTMENTS_AVG,3548.1925125718117,328,0.6872066003807996,5
43,BASEMENTAREA_AVG,3806.393381744623,364,0.6872066003807996,5
44,YEARS_BEGINEXPLUATATION_AVG,3285.0600615143776,317,0.6872066003807996,5
45,YEARS_BUILD_AVG,2814.1439983844757,267,0.6872066003807996,5
46,COMMONAREA_AVG,2899.937081158161,276,0.6872066003807996,5
47,ELEVATORS_AVG,972.851814031601,97,0.6872066003807996,5
48,ENTRANCES_AVG,2051.775913119316,188,0.6872066003807996,5
49,FLOORSMAX_AVG,1124.3940317034721,116,0.6872066003807996,5
50,FLOORSMIN_AVG,1424.5396602153778,140,0.6872066003807996,5
51,LANDAREA_AVG,3763.6488930881023,374,0.6872066003807996,5
52,LIVINGAPARTMENTS_AVG,2445.3987930715084,221,0.6872066003807996,5
53,LIVINGAREA_AVG,2902.0664535164833,270,0.6872066003807996,5
54,NONLIVINGAPARTMENTS_AVG,1096.3965141773224,111,0.6872066003807996,5
55,NONLIVINGAREA_AVG,2884.5911651849747,286,0.6872066003807996,5
56,APARTMENTS_MODE,2526.3570317029953,241,0.6872066003807996,5
57,BASEMENTAREA_MODE,2708.295426428318,255,0.6872066003807996,5
58,YEARS_BEGINEXPLUATATION_MODE,2442.622846662998,232,0.6872066003807996,5
59,YEARS_BUILD_MODE,1993.8754054903984,183,0.6872066003807996,5
60,COMMONAREA_MODE,3206.7490590810776,297,0.6872066003807996,5
61,ELEVATORS_MODE,658.8061354160309,65,0.6872066003807996,5
62,ENTRANCES_MODE,1029.4770520925522,106,0.6872066003807996,5
63,FLOORSMAX_MODE,714.7288526296616,75,0.6872066003807996,5
64,FLOORSMIN_MODE,859.8035984039307,78,0.6872066003807996,5
65,LANDAREA_MODE,3430.4326093792915,328,0.6872066003807996,5
66,LIVINGAPARTMENTS_MODE,2656.664404153824,239,0.6872066003807996,5
67,LIVINGAREA_MODE,2769.549848675728,256,0.6872066003807996,5
68,NONLIVINGAPARTMENTS_MODE,768.7382909059525,83,0.6872066003807996,5
69,NONLIVINGAREA_MODE,2997.98900526762,284,0.6872066003807996,5
70,APARTMENTS_MEDI,1385.849719285965,124,0.6872066003807996,5
71,BASEMENTAREA_MEDI,2230.472257077694,202,0.6872066003807996,5
72,YEARS_BEGINEXPLUATATION_MEDI,1566.406037569046,152,0.6872066003807996,5
73,YEARS_BUILD_MEDI,1045.8963038921356,105,0.6872066003807996,5
74,COMMONAREA_MEDI,1779.7425910234451,172,0.6872066003807996,5
75,ELEVATORS_MEDI,588.4521425962448,58,0.6872066003807996,5
76,ENTRANCES_MEDI,786.0040792226791,73,0.6872066003807996,5
77,FLOORSMAX_MEDI,509.93371415138245,53,0.6872066003807996,5
78,FLOORSMIN_MEDI,543.6004710197449,48,0.6872066003807996,5
79,LANDAREA_MEDI,2032.7175562381744,184,0.6872066003807996,5
80,LIVINGAPARTMENTS_MEDI,1704.7191350460052,156,0.6872066003807996,5
81,LIVINGAREA_MEDI,1901.8204864263535,182,0.6872066003807996,5
82,NONLIVINGAPARTMENTS_MEDI,924.1701481342316,85,0.6872066003807996,5
83,NONLIVINGAREA_MEDI,2394.472145318985,221,0.6872066003807996,5
84,FONDKAPREMONT_MODE,112.49186944961548,12,0.6872066003807996,5
85,HOUSETYPE_MODE,211.53381037712097,20,0.6872066003807996,5
86,TOTALAREA_MODE,3468.592437326908,306,0.6872066003807996,5
87,WALLSMATERIAL_MODE,412.7928590774536,45,0.6872066003807996,5
88,EMERGENCYSTATE_MODE,88.88635015487671,10,0.6872066003807996,5
89,OBS_30_CNT_SOCIAL_CIRCLE,1731.899793446064,178,0.6872066003807996,5
90,DEF_30_CNT_SOCIAL_CIRCLE,890.6134287118912,86,0.6872066003807996,5
91,OBS_60_CNT_SOCIAL_CIRCLE,1426.6798577606678,158,0.6872066003807996,5
92,DEF_60_CNT_SOCIAL_CIRCLE,602.1453199386597,67,0.6872066003807996,5
93,DAYS_LAST_PHONE_CHANGE,5895.657036781311,585,0.6872066003807996,5
94,FLAG_DOCUMENT_2,0.0,0,0.6872066003807996,5
95,FLAG_DOCUMENT_3,486.7308781147003,50,0.6872066003807996,5
96,FLAG_DOCUMENT_4,0.0,0,0.6872066003807996,5
97,FLAG_DOCUMENT_5,96.57434892654419,12,0.6872066003807996,5
98,FLAG_DOCUMENT_6,108.59638977050781,12,0.6872066003807996,5
99,FLAG_DOCUMENT_7,0.0,0,0.6872066003807996,5
100,FLAG_DOCUMENT_8,391.6975688934326,40,0.6872066003807996,5
101,FLAG_DOCUMENT_9,134.08721113204956,12,0.6872066003807996,5
102,FLAG_DOCUMENT_10,0.0,0,0.6872066003807996,5
103,FLAG_DOCUMENT_11,45.69948959350586,6,0.6872066003807996,5
104,FLAG_DOCUMENT_12,0.0,0,0.6872066003807996,5
105,FLAG_DOCUMENT_13,26.36894989013672,3,0.6872066003807996,5
106,FLAG_DOCUMENT_14,23.92437982559204,3,0.6872066003807996,5
107,FLAG_DOCUMENT_15,95.93393993377686,9,0.6872066003807996,5
108,FLAG_DOCUMENT_16,87.65018939971924,8,0.6872066003807996,5
109,FLAG_DOCUMENT_17,0.0,0,0.6872066003807996,5
110,FLAG_DOCUMENT_18,112.06329154968262,12,0.6872066003807996,5
111,FLAG_DOCUMENT_19,6.819049835205078,1,0.6872066003807996,5
112,FLAG_DOCUMENT_20,20.187479972839355,2,0.6872066003807996,5
113,FLAG_DOCUMENT_21,0.0,0,0.6872066003807996,5
114,AMT_REQ_CREDIT_BUREAU_HOUR,168.4408616423607,16,0.6872066003807996,5
115,AMT_REQ_CREDIT_BUREAU_DAY,109.57939958572388,10,0.6872066003807996,5
116,AMT_REQ_CREDIT_BUREAU_WEEK,314.16927909851074,33,0.6872066003807996,5
117,AMT_REQ_CREDIT_BUREAU_MON,1178.162074625492,127,0.6872066003807996,5
118,AMT_REQ_CREDIT_BUREAU_QRT,852.6714411973953,100,0.6872066003807996,5
119,AMT_REQ_CREDIT_BUREAU_YEAR,3396.189888894558,337,0.6872066003807996,5
0,NAME_CONTRACT_TYPE,291.3666090965271,36,0.6980939144994778,6
1,CODE_GENDER,400.6507798433304,77,0.6980939144994778,6
2,FLAG_OWN_CAR,235.13982224464417,41,0.6980939144994778,6
3,FLAG_OWN_REALTY,554.0112242102623,64,0.6980939144994778,6
4,CNT_CHILDREN,780.490810662508,83,0.6980939144994778,6
5,AMT_INCOME_TOTAL,6052.834877640009,626,0.6980939144994778,6
6,AMT_CREDIT,6369.248650819063,684,0.6980939144994778,6
7,AMT_ANNUITY,7089.765682429075,704,0.6980939144994778,6
8,AMT_GOODS_PRICE,5149.1370549201965,492,0.6980939144994778,6
9,NAME_TYPE_SUITE,230.51115083694458,26,0.6980939144994778,6
10,NAME_INCOME_TYPE,188.9950098991394,19,0.6980939144994778,6
11,NAME_EDUCATION_TYPE,105.01208162307739,11,0.6980939144994778,6
12,NAME_FAMILY_STATUS,405.32656049728394,42,0.6980939144994778,6
13,NAME_HOUSING_TYPE,179.60225009918213,20,0.6980939144994778,6
14,REGION_POPULATION_RELATIVE,4815.226131081581,482,0.6980939144994778,6
15,DAYS_BIRTH,8794.348696529865,849,0.6980939144994778,6
16,DAYS_EMPLOYED,7680.220635056496,776,0.6980939144994778,6
17,DAYS_REGISTRATION,7470.886407583952,731,0.6980939144994778,6
18,DAYS_ID_PUBLISH,8682.346224308014,821,0.6980939144994778,6
19,OWN_CAR_AGE,3733.4805116653442,375,0.6980939144994778,6
20,FLAG_MOBIL,0.0,0,0.6980939144994778,6
21,FLAG_EMP_PHONE,3.924649953842163,1,0.6980939144994778,6
22,FLAG_WORK_PHONE,506.8965483903885,59,0.6980939144994778,6
23,FLAG_CONT_MOBILE,0.0,0,0.6980939144994778,6
24,FLAG_PHONE,483.58586168289185,47,0.6980939144994778,6
25,FLAG_EMAIL,224.8154013156891,25,0.6980939144994778,6
26,OCCUPATION_TYPE,5055.85305929184,463,0.6980939144994778,6
27,CNT_FAM_MEMBERS,1013.1335648298264,108,0.6980939144994778,6
28,REGION_RATING_CLIENT,290.6426386833191,32,0.6980939144994778,6
29,REGION_RATING_CLIENT_W_CITY,283.34463012218475,37,0.6980939144994778,6
30,WEEKDAY_APPR_PROCESS_START,1448.2356328964233,153,0.6980939144994778,6
31,HOUR_APPR_PROCESS_START,3876.152323782444,372,0.6980939144994778,6
32,REG_REGION_NOT_LIVE_REGION,65.85404062271118,7,0.6980939144994778,6
33,REG_REGION_NOT_WORK_REGION,128.47283029556274,13,0.6980939144994778,6
34,LIVE_REGION_NOT_WORK_REGION,142.00117015838623,15,0.6980939144994778,6
35,REG_CITY_NOT_LIVE_CITY,355.91645860671997,35,0.6980939144994778,6
36,REG_CITY_NOT_WORK_CITY,614.9352015256882,65,0.6980939144994778,6
37,LIVE_CITY_NOT_WORK_CITY,228.76195192337036,29,0.6980939144994778,6
38,ORGANIZATION_TYPE,12278.639964342117,924,0.6980939144994778,6
39,EXT_SOURCE_1,7479.775598049164,715,0.6980939144994778,6
40,EXT_SOURCE_2,9094.118580013514,875,0.6980939144994778,6
41,EXT_SOURCE_3,11560.148557394743,1067,0.6980939144994778,6
42,APARTMENTS_AVG,3717.9314370453358,351,0.6980939144994778,6
43,BASEMENTAREA_AVG,4947.8071121275425,439,0.6980939144994778,6
44,YEARS_BEGINEXPLUATATION_AVG,4024.071736216545,392,0.6980939144994778,6
45,YEARS_BUILD_AVG,3478.6231149435043,324,0.6980939144994778,6
46,COMMONAREA_AVG,3989.335248708725,362,0.6980939144994778,6
47,ELEVATORS_AVG,1403.74700152874,123,0.6980939144994778,6
48,ENTRANCES_AVG,2589.839330673218,230,0.6980939144994778,6
49,FLOORSMAX_AVG,1665.8737024068832,150,0.6980939144994778,6
50,FLOORSMIN_AVG,1833.4048960208893,171,0.6980939144994778,6
51,LANDAREA_AVG,5294.151393413544,478,0.6980939144994778,6
52,LIVINGAPARTMENTS_AVG,3052.7455531954765,288,0.6980939144994778,6
53,LIVINGAREA_AVG,3382.8213281035423,310,0.6980939144994778,6
54,NONLIVINGAPARTMENTS_AVG,1668.4596109390259,148,0.6980939144994778,6
55,NONLIVINGAREA_AVG,3113.517097055912,274,0.6980939144994778,6
56,APARTMENTS_MODE,3520.29990285635,308,0.6980939144994778,6
57,BASEMENTAREA_MODE,3319.788745522499,277,0.6980939144994778,6
58,YEARS_BEGINEXPLUATATION_MODE,2644.6876677274704,245,0.6980939144994778,6
59,YEARS_BUILD_MODE,2060.5279552936554,191,0.6980939144994778,6
60,COMMONAREA_MODE,3809.521502196789,339,0.6980939144994778,6
61,ELEVATORS_MODE,660.7622303962708,58,0.6980939144994778,6
62,ENTRANCES_MODE,1068.0253822803497,102,0.6980939144994778,6
63,FLOORSMAX_MODE,1111.8578324317932,95,0.6980939144994778,6
64,FLOORSMIN_MODE,863.7374197244644,77,0.6980939144994778,6
65,LANDAREA_MODE,4967.998334407806,440,0.6980939144994778,6
66,LIVINGAPARTMENTS_MODE,3046.368007183075,259,0.6980939144994778,6
67,LIVINGAREA_MODE,3496.5679116249084,307,0.6980939144994778,6
68,NONLIVINGAPARTMENTS_MODE,1151.5538681149483,113,0.6980939144994778,6
69,NONLIVINGAREA_MODE,3055.367211908102,269,0.6980939144994778,6
70,APARTMENTS_MEDI,2640.7762293815613,238,0.6980939144994778,6
71,BASEMENTAREA_MEDI,2988.3937821388245,261,0.6980939144994778,6
72,YEARS_BEGINEXPLUATATION_MEDI,1959.044236779213,191,0.6980939144994778,6
73,YEARS_BUILD_MEDI,1320.5192568302155,123,0.6980939144994778,6
74,COMMONAREA_MEDI,1986.721938610077,175,0.6980939144994778,6
75,ELEVATORS_MEDI,630.7846312522888,56,0.6980939144994778,6
76,ENTRANCES_MEDI,928.0090398788452,81,0.6980939144994778,6
77,FLOORSMAX_MEDI,675.229089975357,66,0.6980939144994778,6
78,FLOORSMIN_MEDI,560.0076675415039,54,0.6980939144994778,6
79,LANDAREA_MEDI,2395.450806260109,217,0.6980939144994778,6
80,LIVINGAPARTMENTS_MEDI,1949.2110424041748,180,0.6980939144994778,6
81,LIVINGAREA_MEDI,2328.8799809217453,211,0.6980939144994778,6
82,NONLIVINGAPARTMENTS_MEDI,898.4412758052349,85,0.6980939144994778,6
83,NONLIVINGAREA_MEDI,2448.787286579609,226,0.6980939144994778,6
84,FONDKAPREMONT_MODE,213.62413930892944,24,0.6980939144994778,6
85,HOUSETYPE_MODE,156.70386791229248,15,0.6980939144994778,6
86,TOTALAREA_MODE,3654.685224533081,323,0.6980939144994778,6
87,WALLSMATERIAL_MODE,506.1089463233948,49,0.6980939144994778,6
88,EMERGENCYSTATE_MODE,145.14717984199524,18,0.6980939144994778,6
89,OBS_30_CNT_SOCIAL_CIRCLE,2009.129198551178,200,0.6980939144994778,6
90,DEF_30_CNT_SOCIAL_CIRCLE,403.59292578697205,45,0.6980939144994778,6
91,OBS_60_CNT_SOCIAL_CIRCLE,1779.1345573663712,162,0.6980939144994778,6
92,DEF_60_CNT_SOCIAL_CIRCLE,552.2498009204865,53,0.6980939144994778,6
93,DAYS_LAST_PHONE_CHANGE,7413.211959332228,680,0.6980939144994778,6
94,FLAG_DOCUMENT_2,0.0,0,0.6980939144994778,6
95,FLAG_DOCUMENT_3,466.8497197628021,45,0.6980939144994778,6
96,FLAG_DOCUMENT_4,0.0,0,0.6980939144994778,6
97,FLAG_DOCUMENT_5,30.7850399017334,4,0.6980939144994778,6
98,FLAG_DOCUMENT_6,68.87844944000244,6,0.6980939144994778,6
99,FLAG_DOCUMENT_7,0.0,0,0.6980939144994778,6
100,FLAG_DOCUMENT_8,136.05391782522202,15,0.6980939144994778,6
101,FLAG_DOCUMENT_9,267.8745822906494,20,0.6980939144994778,6
102,FLAG_DOCUMENT_10,0.0,0,0.6980939144994778,6
103,FLAG_DOCUMENT_11,9.70928955078125,1,0.6980939144994778,6
104,FLAG_DOCUMENT_12,0.0,0,0.6980939144994778,6
105,FLAG_DOCUMENT_13,181.19838905334473,15,0.6980939144994778,6
106,FLAG_DOCUMENT_14,26.98222064971924,3,0.6980939144994778,6
107,FLAG_DOCUMENT_15,6.667029857635498,1,0.6980939144994778,6
108,FLAG_DOCUMENT_16,214.81582069396973,17,0.6980939144994778,6
109,FLAG_DOCUMENT_17,0.0,0,0.6980939144994778,6
110,FLAG_DOCUMENT_18,92.95201063156128,7,0.6980939144994778,6
111,FLAG_DOCUMENT_19,0.0,0,0.6980939144994778,6
112,FLAG_DOCUMENT_20,7.420949935913086,1,0.6980939144994778,6
113,FLAG_DOCUMENT_21,0.0,0,0.6980939144994778,6
114,AMT_REQ_CREDIT_BUREAU_HOUR,74.12681728601456,9,0.6980939144994778,6
115,AMT_REQ_CREDIT_BUREAU_DAY,61.64101004600525,8,0.6980939144994778,6
116,AMT_REQ_CREDIT_BUREAU_WEEK,250.8109575510025,27,0.6980939144994778,6
117,AMT_REQ_CREDIT_BUREAU_MON,2138.9610468149185,204,0.6980939144994778,6
118,AMT_REQ_CREDIT_BUREAU_QRT,980.6933799982071,95,0.6980939144994778,6
119,AMT_REQ_CREDIT_BUREAU_YEAR,3657.165476977825,338,0.6980939144994778,6
0,NAME_CONTRACT_TYPE,256.8308918476105,36,0.6874057544473796,7
1,CODE_GENDER,729.3849617242813,124,0.6874057544473796,7
2,FLAG_OWN_CAR,328.495888710022,62,0.6874057544473796,7
3,FLAG_OWN_REALTY,487.591104388237,74,0.6874057544473796,7
4,CNT_CHILDREN,842.2232161462307,81,0.6874057544473796,7
5,AMT_INCOME_TOTAL,4473.064732432365,523,0.6874057544473796,7
6,AMT_CREDIT,5890.360176414251,674,0.6874057544473796,7
7,AMT_ANNUITY,7718.803850650787,790,0.6874057544473796,7
8,AMT_GOODS_PRICE,5145.999277025461,482,0.6874057544473796,7
9,NAME_TYPE_SUITE,241.42457151412964,26,0.6874057544473796,7
10,NAME_INCOME_TYPE,124.75196027755737,13,0.6874057544473796,7
11,NAME_EDUCATION_TYPE,143.53210973739624,14,0.6874057544473796,7
12,NAME_FAMILY_STATUS,124.13130855560303,15,0.6874057544473796,7
13,NAME_HOUSING_TYPE,142.28617095947266,16,0.6874057544473796,7
14,REGION_POPULATION_RELATIVE,5388.97133871913,553,0.6874057544473796,7
15,DAYS_BIRTH,7262.578711241484,746,0.6874057544473796,7
16,DAYS_EMPLOYED,7311.871158391237,724,0.6874057544473796,7
17,DAYS_REGISTRATION,6375.644092321396,641,0.6874057544473796,7
18,DAYS_ID_PUBLISH,8093.938676595688,781,0.6874057544473796,7
19,OWN_CAR_AGE,3951.4326288700104,387,0.6874057544473796,7
20,FLAG_MOBIL,0.0,0,0.6874057544473796,7
21,FLAG_EMP_PHONE,19.67136001586914,2,0.6874057544473796,7
22,FLAG_WORK_PHONE,157.45687246322632,19,0.6874057544473796,7
23,FLAG_CONT_MOBILE,0.0,0,0.6874057544473796,7
24,FLAG_PHONE,400.4733625650406,44,0.6874057544473796,7
25,FLAG_EMAIL,243.4518117904663,28,0.6874057544473796,7
26,OCCUPATION_TYPE,3972.1012268066406,373,0.6874057544473796,7
27,CNT_FAM_MEMBERS,1141.390885233879,120,0.6874057544473796,7
28,REGION_RATING_CLIENT,377.38950818777084,42,0.6874057544473796,7
29,REGION_RATING_CLIENT_W_CITY,367.1555780172348,42,0.6874057544473796,7
30,WEEKDAY_APPR_PROCESS_START,910.890528678894,92,0.6874057544473796,7
31,HOUR_APPR_PROCESS_START,3337.6901841163635,336,0.6874057544473796,7
32,REG_REGION_NOT_LIVE_REGION,64.77056980133057,7,0.6874057544473796,7
33,REG_REGION_NOT_WORK_REGION,119.74779093265533,16,0.6874057544473796,7
34,LIVE_REGION_NOT_WORK_REGION,148.0004906654358,16,0.6874057544473796,7
35,REG_CITY_NOT_LIVE_CITY,226.42015981674194,27,0.6874057544473796,7
36,REG_CITY_NOT_WORK_CITY,267.88440477848053,30,0.6874057544473796,7
37,LIVE_CITY_NOT_WORK_CITY,197.8255798816681,24,0.6874057544473796,7
38,ORGANIZATION_TYPE,12143.689595937729,880,0.6874057544473796,7
39,EXT_SOURCE_1,6894.567997127771,701,0.6874057544473796,7
40,EXT_SOURCE_2,7938.370878338814,784,0.6874057544473796,7
41,EXT_SOURCE_3,11619.01006859541,1125,0.6874057544473796,7
42,APARTMENTS_AVG,3068.956158488989,289,0.6874057544473796,7
43,BASEMENTAREA_AVG,4225.116764098406,368,0.6874057544473796,7
44,YEARS_BEGINEXPLUATATION_AVG,3651.622993081808,349,0.6874057544473796,7
45,YEARS_BUILD_AVG,3174.999843299389,292,0.6874057544473796,7
46,COMMONAREA_AVG,2729.0817478895187,256,0.6874057544473796,7
47,ELEVATORS_AVG,1022.1050577163696,87,0.6874057544473796,7
48,ENTRANCES_AVG,2573.6217332184315,221,0.6874057544473796,7
49,FLOORSMAX_AVG,1694.934885263443,140,0.6874057544473796,7
50,FLOORSMIN_AVG,1226.9068377017975,106,0.6874057544473796,7
51,LANDAREA_AVG,4016.148042500019,359,0.6874057544473796,7
52,LIVINGAPARTMENTS_AVG,2966.925602197647,268,0.6874057544473796,7
53,LIVINGAREA_AVG,2280.6471832990646,212,0.6874057544473796,7
54,NONLIVINGAPARTMENTS_AVG,2041.3241029977798,185,0.6874057544473796,7
55,NONLIVINGAREA_AVG,3230.815317571163,284,0.6874057544473796,7
56,APARTMENTS_MODE,3247.324724316597,285,0.6874057544473796,7
57,BASEMENTAREA_MODE,3307.175471305847,280,0.6874057544473796,7
58,YEARS_BEGINEXPLUATATION_MODE,2878.7088854312897,264,0.6874057544473796,7
59,YEARS_BUILD_MODE,2078.201922118664,189,0.6874057544473796,7
60,COMMONAREA_MODE,3125.5254675745964,280,0.6874057544473796,7
61,ELEVATORS_MODE,654.107817530632,68,0.6874057544473796,7
62,ENTRANCES_MODE,1171.1907773017883,114,0.6874057544473796,7
63,FLOORSMAX_MODE,430.33872878551483,42,0.6874057544473796,7
64,FLOORSMIN_MODE,545.0224852561951,50,0.6874057544473796,7
65,LANDAREA_MODE,3287.483285844326,296,0.6874057544473796,7
66,LIVINGAPARTMENTS_MODE,3018.1704548597336,254,0.6874057544473796,7
67,LIVINGAREA_MODE,2682.5576424002647,232,0.6874057544473796,7
68,NONLIVINGAPARTMENTS_MODE,1336.1567029953003,121,0.6874057544473796,7
69,NONLIVINGAREA_MODE,2914.049219071865,262,0.6874057544473796,7
70,APARTMENTS_MEDI,1805.664139509201,163,0.6874057544473796,7
71,BASEMENTAREA_MEDI,2712.019999027252,220,0.6874057544473796,7
72,YEARS_BEGINEXPLUATATION_MEDI,1718.04173964262,164,0.6874057544473796,7
73,YEARS_BUILD_MEDI,1086.8310016393661,103,0.6874057544473796,7
74,COMMONAREA_MEDI,1547.3547613620758,149,0.6874057544473796,7
75,ELEVATORS_MEDI,660.9663436412811,52,0.6874057544473796,7
76,ENTRANCES_MEDI,606.5918872356415,57,0.6874057544473796,7
77,FLOORSMAX_MEDI,607.9253771305084,48,0.6874057544473796,7
78,FLOORSMIN_MEDI,538.5573763847351,47,0.6874057544473796,7
79,LANDAREA_MEDI,1833.7698299884796,169,0.6874057544473796,7
80,LIVINGAPARTMENTS_MEDI,1551.264683187008,138,0.6874057544473796,7
81,LIVINGAREA_MEDI,1956.3973093032837,184,0.6874057544473796,7
82,NONLIVINGAPARTMENTS_MEDI,1061.3641941547394,94,0.6874057544473796,7
83,NONLIVINGAREA_MEDI,1992.8397055864334,181,0.6874057544473796,7
84,FONDKAPREMONT_MODE,65.74018096923828,7,0.6874057544473796,7
85,HOUSETYPE_MODE,82.0042729973793,14,0.6874057544473796,7
86,TOTALAREA_MODE,3598.834252476692,316,0.6874057544473796,7
87,WALLSMATERIAL_MODE,124.20885038375854,13,0.6874057544473796,7
88,EMERGENCYSTATE_MODE,37.72614002227783,6,0.6874057544473796,7
89,OBS_30_CNT_SOCIAL_CIRCLE,2482.9897570610046,244,0.6874057544473796,7
90,DEF_30_CNT_SOCIAL_CIRCLE,584.5116591453552,64,0.6874057544473796,7
91,OBS_60_CNT_SOCIAL_CIRCLE,1597.0576551556587,160,0.6874057544473796,7
92,DEF_60_CNT_SOCIAL_CIRCLE,782.5257995128632,79,0.6874057544473796,7
93,DAYS_LAST_PHONE_CHANGE,7518.935154080391,713,0.6874057544473796,7
94,FLAG_DOCUMENT_2,0.0,0,0.6874057544473796,7
95,FLAG_DOCUMENT_3,319.373251914978,32,0.6874057544473796,7
96,FLAG_DOCUMENT_4,0.0,0,0.6874057544473796,7
97,FLAG_DOCUMENT_5,25.883480072021484,4,0.6874057544473796,7
98,FLAG_DOCUMENT_6,84.53879106044769,12,0.6874057544473796,7
99,FLAG_DOCUMENT_7,0.0,0,0.6874057544473796,7
100,FLAG_DOCUMENT_8,186.67199873924255,21,0.6874057544473796,7
101,FLAG_DOCUMENT_9,72.19828987121582,7,0.6874057544473796,7
102,FLAG_DOCUMENT_10,0.0,0,0.6874057544473796,7
103,FLAG_DOCUMENT_11,41.52678918838501,4,0.6874057544473796,7
104,FLAG_DOCUMENT_12,0.0,0,0.6874057544473796,7
105,FLAG_DOCUMENT_13,81.48331880569458,9,0.6874057544473796,7
106,FLAG_DOCUMENT_14,45.17799949645996,5,0.6874057544473796,7
107,FLAG_DOCUMENT_15,167.86482095718384,17,0.6874057544473796,7
108,FLAG_DOCUMENT_16,241.03711891174316,22,0.6874057544473796,7
109,FLAG_DOCUMENT_17,0.0,0,0.6874057544473796,7
110,FLAG_DOCUMENT_18,165.90324020385742,15,0.6874057544473796,7
111,FLAG_DOCUMENT_19,0.0,0,0.6874057544473796,7
112,FLAG_DOCUMENT_20,0.0,0,0.6874057544473796,7
113,FLAG_DOCUMENT_21,0.0,0,0.6874057544473796,7
114,AMT_REQ_CREDIT_BUREAU_HOUR,65.28621506690979,6,0.6874057544473796,7
115,AMT_REQ_CREDIT_BUREAU_DAY,157.45328968763351,15,0.6874057544473796,7
116,AMT_REQ_CREDIT_BUREAU_WEEK,160.99114775657654,22,0.6874057544473796,7
117,AMT_REQ_CREDIT_BUREAU_MON,1394.6210749149323,135,0.6874057544473796,7
118,AMT_REQ_CREDIT_BUREAU_QRT,1059.1728243231773,99,0.6874057544473796,7
119,AMT_REQ_CREDIT_BUREAU_YEAR,2568.4183805584908,261,0.6874057544473796,7
0,NAME_CONTRACT_TYPE,147.9380099773407,26,0.7178411236893184,8
1,CODE_GENDER,452.52938318252563,80,0.7178411236893184,8
2,FLAG_OWN_CAR,256.8935270309448,35,0.7178411236893184,8
3,FLAG_OWN_REALTY,505.3845012187958,72,0.7178411236893184,8
4,CNT_CHILDREN,721.3733065128326,78,0.7178411236893184,8
5,AMT_INCOME_TOTAL,5636.322306156158,598,0.7178411236893184,8
6,AMT_CREDIT,6207.946671247482,674,0.7178411236893184,8
7,AMT_ANNUITY,7127.2653796076775,704,0.7178411236893184,8
8,AMT_GOODS_PRICE,4650.035524845123,459,0.7178411236893184,8
9,NAME_TYPE_SUITE,281.2399106025696,30,0.7178411236893184,8
10,NAME_INCOME_TYPE,71.58212947845459,8,0.7178411236893184,8
11,NAME_EDUCATION_TYPE,68.63214111328125,7,0.7178411236893184,8
12,NAME_FAMILY_STATUS,578.4544172286987,57,0.7178411236893184,8
13,NAME_HOUSING_TYPE,260.41259002685547,30,0.7178411236893184,8
14,REGION_POPULATION_RELATIVE,5175.162997633219,509,0.7178411236893184,8
15,DAYS_BIRTH,8507.040600270033,860,0.7178411236893184,8
16,DAYS_EMPLOYED,8156.285251438618,811,0.7178411236893184,8
17,DAYS_REGISTRATION,7332.37189951539,737,0.7178411236893184,8
18,DAYS_ID_PUBLISH,7389.660729676485,723,0.7178411236893184,8
19,OWN_CAR_AGE,4224.580188542604,418,0.7178411236893184,8
20,FLAG_MOBIL,0.0,0,0.7178411236893184,8
21,FLAG_EMP_PHONE,38.005239963531494,4,0.7178411236893184,8
22,FLAG_WORK_PHONE,449.30562633275986,51,0.7178411236893184,8
23,FLAG_CONT_MOBILE,101.49370861053467,8,0.7178411236893184,8
24,FLAG_PHONE,577.7853897809982,60,0.7178411236893184,8
25,FLAG_EMAIL,285.12897765636444,27,0.7178411236893184,8
26,OCCUPATION_TYPE,4059.495036125183,395,0.7178411236893184,8
27,CNT_FAM_MEMBERS,1082.3180103898048,105,0.7178411236893184,8
28,REGION_RATING_CLIENT,360.74060237407684,39,0.7178411236893184,8
29,REGION_RATING_CLIENT_W_CITY,336.2812612056732,35,0.7178411236893184,8
30,WEEKDAY_APPR_PROCESS_START,1399.9996695518494,147,0.7178411236893184,8
31,HOUR_APPR_PROCESS_START,3346.7570850253105,337,0.7178411236893184,8
32,REG_REGION_NOT_LIVE_REGION,299.9479503631592,32,0.7178411236893184,8
33,REG_REGION_NOT_WORK_REGION,60.75569009780884,8,0.7178411236893184,8
34,LIVE_REGION_NOT_WORK_REGION,162.44540977478027,19,0.7178411236893184,8
35,REG_CITY_NOT_LIVE_CITY,209.69602024555206,24,0.7178411236893184,8
36,REG_CITY_NOT_WORK_CITY,193.452130317688,24,0.7178411236893184,8
37,LIVE_CITY_NOT_WORK_CITY,263.89878845214844,28,0.7178411236893184,8
38,ORGANIZATION_TYPE,12624.594421386719,944,0.7178411236893184,8
39,EXT_SOURCE_1,8293.205065578222,783,0.7178411236893184,8
40,EXT_SOURCE_2,8689.388532191515,849,0.7178411236893184,8
41,EXT_SOURCE_3,11586.889874100685,1087,0.7178411236893184,8
42,APARTMENTS_AVG,3206.493374466896,299,0.7178411236893184,8
43,BASEMENTAREA_AVG,4305.509771943092,381,0.7178411236893184,8
44,YEARS_BEGINEXPLUATATION_AVG,3999.423427462578,376,0.7178411236893184,8
45,YEARS_BUILD_AVG,3293.0686517357826,305,0.7178411236893184,8
46,COMMONAREA_AVG,3896.530249208212,355,0.7178411236893184,8
47,ELEVATORS_AVG,1348.1117060780525,119,0.7178411236893184,8
48,ENTRANCES_AVG,1882.4850496053696,176,0.7178411236893184,8
49,FLOORSMAX_AVG,1035.5015618801117,105,0.7178411236893184,8
50,FLOORSMIN_AVG,2093.130456805229,203,0.7178411236893184,8
51,LANDAREA_AVG,4757.353906035423,431,0.7178411236893184,8
52,LIVINGAPARTMENTS_AVG,2914.849918425083,254,0.7178411236893184,8
53,LIVINGAREA_AVG,3961.7286627292633,337,0.7178411236893184,8
54,NONLIVINGAPARTMENTS_AVG,1622.8725630044937,141,0.7178411236893184,8
55,NONLIVINGAREA_AVG,3283.5417044758797,295,0.7178411236893184,8
56,APARTMENTS_MODE,3138.7843827605247,289,0.7178411236893184,8
57,BASEMENTAREA_MODE,3742.371680676937,336,0.7178411236893184,8
58,YEARS_BEGINEXPLUATATION_MODE,2802.107045352459,263,0.7178411236893184,8
59,YEARS_BUILD_MODE,1678.753126502037,156,0.7178411236893184,8
60,COMMONAREA_MODE,3718.3189759254456,336,0.7178411236893184,8
61,ELEVATORS_MODE,1105.831102490425,99,0.7178411236893184,8
62,ENTRANCES_MODE,1375.8881021738052,126,0.7178411236893184,8
63,FLOORSMAX_MODE,848.9445354938507,78,0.7178411236893184,8
64,FLOORSMIN_MODE,1061.7865917682648,95,0.7178411236893184,8
65,LANDAREA_MODE,3580.8927867412567,327,0.7178411236893184,8
66,LIVINGAPARTMENTS_MODE,3095.2052203416824,274,0.7178411236893184,8
67,LIVINGAREA_MODE,3625.151479423046,314,0.7178411236893184,8
68,NONLIVINGAPARTMENTS_MODE,1361.5692629814148,126,0.7178411236893184,8
69,NONLIVINGAREA_MODE,3352.3414193093777,305,0.7178411236893184,8
70,APARTMENTS_MEDI,2202.561827778816,193,0.7178411236893184,8
71,BASEMENTAREA_MEDI,2526.682962536812,227,0.7178411236893184,8
72,YEARS_BEGINEXPLUATATION_MEDI,2166.88245677948,199,0.7178411236893184,8
73,YEARS_BUILD_MEDI,1122.9099175930023,104,0.7178411236893184,8
74,COMMONAREA_MEDI,2165.3388796448708,195,0.7178411236893184,8
75,ELEVATORS_MEDI,622.8714282512665,55,0.7178411236893184,8
76,ENTRANCES_MEDI,870.5152125358582,78,0.7178411236893184,8
77,FLOORSMAX_MEDI,553.2993519306183,52,0.7178411236893184,8
78,FLOORSMIN_MEDI,758.9772472381592,67,0.7178411236893184,8
79,LANDAREA_MEDI,2872.9101096987724,258,0.7178411236893184,8
80,LIVINGAPARTMENTS_MEDI,2141.7328137159348,179,0.7178411236893184,8
81,LIVINGAREA_MEDI,2414.523140311241,196,0.7178411236893184,8
82,NONLIVINGAPARTMENTS_MEDI,1090.9060311317444,100,0.7178411236893184,8
83,NONLIVINGAREA_MEDI,2773.615607380867,260,0.7178411236893184,8
84,FONDKAPREMONT_MODE,300.19245767593384,33,0.7178411236893184,8
85,HOUSETYPE_MODE,146.43536901474,15,0.7178411236893184,8
86,TOTALAREA_MODE,3552.038730621338,310,0.7178411236893184,8
87,WALLSMATERIAL_MODE,166.71018934249878,19,0.7178411236893184,8
88,EMERGENCYSTATE_MODE,127.29196071624756,13,0.7178411236893184,8
89,OBS_30_CNT_SOCIAL_CIRCLE,1572.089861869812,177,0.7178411236893184,8
90,DEF_30_CNT_SOCIAL_CIRCLE,762.5494725704193,76,0.7178411236893184,8
91,OBS_60_CNT_SOCIAL_CIRCLE,1627.886774122715,166,0.7178411236893184,8
92,DEF_60_CNT_SOCIAL_CIRCLE,721.151890873909,69,0.7178411236893184,8
93,DAYS_LAST_PHONE_CHANGE,6843.566333651543,656,0.7178411236893184,8
94,FLAG_DOCUMENT_2,0.0,0,0.7178411236893184,8
95,FLAG_DOCUMENT_3,351.28000831604004,33,0.7178411236893184,8
96,FLAG_DOCUMENT_4,0.0,0,0.7178411236893184,8
97,FLAG_DOCUMENT_5,115.97113990783691,10,0.7178411236893184,8
98,FLAG_DOCUMENT_6,82.56812858581543,6,0.7178411236893184,8
99,FLAG_DOCUMENT_7,0.0,0,0.7178411236893184,8
100,FLAG_DOCUMENT_8,317.39016234874725,35,0.7178411236893184,8
101,FLAG_DOCUMENT_9,79.57911968231201,8,0.7178411236893184,8
102,FLAG_DOCUMENT_10,0.0,0,0.7178411236893184,8
103,FLAG_DOCUMENT_11,46.00226020812988,5,0.7178411236893184,8
104,FLAG_DOCUMENT_12,0.0,0,0.7178411236893184,8
105,FLAG_DOCUMENT_13,202.72933053970337,21,0.7178411236893184,8
106,FLAG_DOCUMENT_14,0.0,0,0.7178411236893184,8
107,FLAG_DOCUMENT_15,0.0,0,0.7178411236893184,8
108,FLAG_DOCUMENT_16,203.07308053970337,21,0.7178411236893184,8
109,FLAG_DOCUMENT_17,0.0,0,0.7178411236893184,8
110,FLAG_DOCUMENT_18,93.32446908950806,10,0.7178411236893184,8
111,FLAG_DOCUMENT_19,80.71371030807495,8,0.7178411236893184,8
112,FLAG_DOCUMENT_20,10.087499618530273,1,0.7178411236893184,8
113,FLAG_DOCUMENT_21,0.0,0,0.7178411236893184,8
114,AMT_REQ_CREDIT_BUREAU_HOUR,111.53408461809158,15,0.7178411236893184,8
115,AMT_REQ_CREDIT_BUREAU_DAY,82.65230941772461,10,0.7178411236893184,8
116,AMT_REQ_CREDIT_BUREAU_WEEK,367.2263774871826,34,0.7178411236893184,8
117,AMT_REQ_CREDIT_BUREAU_MON,1246.9671012163162,129,0.7178411236893184,8
118,AMT_REQ_CREDIT_BUREAU_QRT,1119.675488948822,105,0.7178411236893184,8
119,AMT_REQ_CREDIT_BUREAU_YEAR,3631.6470420360565,345,0.7178411236893184,8
0,NAME_CONTRACT_TYPE,216.39430439472198,31,0.6902992315857893,9
1,CODE_GENDER,492.4543245732784,92,0.6902992315857893,9
2,FLAG_OWN_CAR,145.75858262181282,45,0.6902992315857893,9
3,FLAG_OWN_REALTY,403.85995650291443,63,0.6902992315857893,9
4,CNT_CHILDREN,636.5097922384739,76,0.6902992315857893,9
5,AMT_INCOME_TOTAL,5506.538467079401,626,0.6902992315857893,9
6,AMT_CREDIT,6135.131908625364,709,0.6902992315857893,9
7,AMT_ANNUITY,6454.908527255058,685,0.6902992315857893,9
8,AMT_GOODS_PRICE,4321.339017421007,446,0.6902992315857893,9
9,NAME_TYPE_SUITE,334.7037696838379,35,0.6902992315857893,9
10,NAME_INCOME_TYPE,150.20204067230225,15,0.6902992315857893,9
11,NAME_EDUCATION_TYPE,629.5883078575134,60,0.6902992315857893,9
12,NAME_FAMILY_STATUS,238.57164096832275,27,0.6902992315857893,9
13,NAME_HOUSING_TYPE,126.37415981292725,14,0.6902992315857893,9
14,REGION_POPULATION_RELATIVE,4117.857829719782,446,0.6902992315857893,9
15,DAYS_BIRTH,7471.775344520807,781,0.6902992315857893,9
16,DAYS_EMPLOYED,7389.747154504061,759,0.6902992315857893,9
17,DAYS_REGISTRATION,7383.077311724424,737,0.6902992315857893,9
18,DAYS_ID_PUBLISH,7020.077265441418,717,0.6902992315857893,9
19,OWN_CAR_AGE,3608.3979184925556,364,0.6902992315857893,9
20,FLAG_MOBIL,0.0,0,0.6902992315857893,9
21,FLAG_EMP_PHONE,9.515769720077515,2,0.6902992315857893,9
22,FLAG_WORK_PHONE,304.9555062055588,35,0.6902992315857893,9
23,FLAG_CONT_MOBILE,0.0,0,0.6902992315857893,9
24,FLAG_PHONE,582.864793151617,63,0.6902992315857893,9
25,FLAG_EMAIL,187.73362386226654,22,0.6902992315857893,9
26,OCCUPATION_TYPE,4037.978196620941,393,0.6902992315857893,9
27,CNT_FAM_MEMBERS,1027.5828430056572,107,0.6902992315857893,9
28,REGION_RATING_CLIENT,380.3492033481598,40,0.6902992315857893,9
29,REGION_RATING_CLIENT_W_CITY,314.027314722538,35,0.6902992315857893,9
30,WEEKDAY_APPR_PROCESS_START,1291.8883309364319,132,0.6902992315857893,9
31,HOUR_APPR_PROCESS_START,3815.6590522527695,391,0.6902992315857893,9
32,REG_REGION_NOT_LIVE_REGION,145.47724056243896,13,0.6902992315857893,9
33,REG_REGION_NOT_WORK_REGION,100.44326066970825,11,0.6902992315857893,9
34,LIVE_REGION_NOT_WORK_REGION,58.896819829940796,7,0.6902992315857893,9
35,REG_CITY_NOT_LIVE_CITY,219.287437915802,28,0.6902992315857893,9
36,REG_CITY_NOT_WORK_CITY,295.0692718029022,36,0.6902992315857893,9
37,LIVE_CITY_NOT_WORK_CITY,255.5748714208603,29,0.6902992315857893,9
38,ORGANIZATION_TYPE,10116.714006185532,806,0.6902992315857893,9
39,EXT_SOURCE_1,7316.3942747712135,731,0.6902992315857893,9
40,EXT_SOURCE_2,8228.642581492662,788,0.6902992315857893,9
41,EXT_SOURCE_3,10238.030714213848,1023,0.6902992315857893,9
42,APARTMENTS_AVG,2714.410919994116,247,0.6902992315857893,9
43,BASEMENTAREA_AVG,3035.431297659874,308,0.6902992315857893,9
44,YEARS_BEGINEXPLUATATION_AVG,3408.031681239605,326,0.6902992315857893,9
45,YEARS_BUILD_AVG,3171.7153581380844,293,0.6902992315857893,9
46,COMMONAREA_AVG,3345.6793160438538,315,0.6902992315857893,9
47,ELEVATORS_AVG,900.5579392910004,85,0.6902992315857893,9
48,ENTRANCES_AVG,1815.8146974742413,156,0.6902992315857893,9
49,FLOORSMAX_AVG,1143.9323973059654,107,0.6902992315857893,9
50,FLOORSMIN_AVG,1606.140133857727,163,0.6902992315857893,9
51,LANDAREA_AVG,3280.529656469822,319,0.6902992315857893,9
52,LIVINGAPARTMENTS_AVG,2060.6837524175644,204,0.6902992315857893,9
53,LIVINGAREA_AVG,2418.3720064759254,225,0.6902992315857893,9
54,NONLIVINGAPARTMENTS_AVG,1122.8007860779762,106,0.6902992315857893,9
55,NONLIVINGAREA_AVG,2803.0946761369705,268,0.6902992315857893,9
56,APARTMENTS_MODE,2634.820405960083,234,0.6902992315857893,9
57,BASEMENTAREA_MODE,2936.653945684433,273,0.6902992315857893,9
58,YEARS_BEGINEXPLUATATION_MODE,1976.7755589485168,180,0.6902992315857893,9
59,YEARS_BUILD_MODE,1883.5706621408463,180,0.6902992315857893,9
60,COMMONAREA_MODE,2806.2705738544464,273,0.6902992315857893,9
61,ELEVATORS_MODE,829.2977880835533,80,0.6902992315857893,9
62,ENTRANCES_MODE,1332.1201333403587,114,0.6902992315857893,9
63,FLOORSMAX_MODE,593.4922416210175,56,0.6902992315857893,9
64,FLOORSMIN_MODE,766.6447032690048,73,0.6902992315857893,9
65,LANDAREA_MODE,3116.8374163508415,293,0.6902992315857893,9
66,LIVINGAPARTMENTS_MODE,2325.0739744901657,219,0.6902992315857893,9
67,LIVINGAREA_MODE,2852.165404677391,252,0.6902992315857893,9
68,NONLIVINGAPARTMENTS_MODE,576.2414790391922,61,0.6902992315857893,9
69,NONLIVINGAREA_MODE,2625.475935667753,260,0.6902992315857893,9
70,APARTMENTS_MEDI,1555.013488292694,146,0.6902992315857893,9
71,BASEMENTAREA_MEDI,2006.7532699108124,188,0.6902992315857893,9
72,YEARS_BEGINEXPLUATATION_MEDI,1419.3773287534714,133,0.6902992315857893,9
73,YEARS_BUILD_MEDI,1435.7380459308624,127,0.6902992315857893,9
74,COMMONAREA_MEDI,1322.3424925804138,128,0.6902992315857893,9
75,ELEVATORS_MEDI,352.19527196884155,38,0.6902992315857893,9
76,ENTRANCES_MEDI,596.1293387413025,59,0.6902992315857893,9
77,FLOORSMAX_MEDI,389.87585830688477,36,0.6902992315857893,9
78,FLOORSMIN_MEDI,604.8743996620178,62,0.6902992315857893,9
79,LANDAREA_MEDI,2403.719401240349,232,0.6902992315857893,9
80,LIVINGAPARTMENTS_MEDI,1415.7515399456024,131,0.6902992315857893,9
81,LIVINGAREA_MEDI,1729.4558328390121,150,0.6902992315857893,9
82,NONLIVINGAPARTMENTS_MEDI,576.4820065498352,55,0.6902992315857893,9
83,NONLIVINGAREA_MEDI,1737.6145751476288,170,0.6902992315857893,9
84,FONDKAPREMONT_MODE,130.95467948913574,15,0.6902992315857893,9
85,HOUSETYPE_MODE,112.74509143829346,12,0.6902992315857893,9
86,TOTALAREA_MODE,3342.251090556383,304,0.6902992315857893,9
87,WALLSMATERIAL_MODE,200.11564016342163,20,0.6902992315857893,9
88,EMERGENCYSTATE_MODE,28.38746976852418,7,0.6902992315857893,9
89,OBS_30_CNT_SOCIAL_CIRCLE,1799.6652194857597,181,0.6902992315857893,9
90,DEF_30_CNT_SOCIAL_CIRCLE,419.0889377593994,46,0.6902992315857893,9
91,OBS_60_CNT_SOCIAL_CIRCLE,1295.2977255880833,129,0.6902992315857893,9
92,DEF_60_CNT_SOCIAL_CIRCLE,277.1369502544403,28,0.6902992315857893,9
93,DAYS_LAST_PHONE_CHANGE,6224.29882016778,607,0.6902992315857893,9
94,FLAG_DOCUMENT_2,0.0,0,0.6902992315857893,9
95,FLAG_DOCUMENT_3,398.36664271354675,40,0.6902992315857893,9
96,FLAG_DOCUMENT_4,0.0,0,0.6902992315857893,9
97,FLAG_DOCUMENT_5,162.68895864486694,16,0.6902992315857893,9
98,FLAG_DOCUMENT_6,96.55996060371399,10,0.6902992315857893,9
99,FLAG_DOCUMENT_7,0.0,0,0.6902992315857893,9
100,FLAG_DOCUMENT_8,274.422730922699,28,0.6902992315857893,9
101,FLAG_DOCUMENT_9,91.51228094100952,6,0.6902992315857893,9
102,FLAG_DOCUMENT_10,0.0,0,0.6902992315857893,9
103,FLAG_DOCUMENT_11,83.91902017593384,9,0.6902992315857893,9
104,FLAG_DOCUMENT_12,0.0,0,0.6902992315857893,9
105,FLAG_DOCUMENT_13,82.27779960632324,8,0.6902992315857893,9
106,FLAG_DOCUMENT_14,55.86743974685669,6,0.6902992315857893,9
107,FLAG_DOCUMENT_15,101.78612232208252,8,0.6902992315857893,9
108,FLAG_DOCUMENT_16,285.70443773269653,27,0.6902992315857893,9
109,FLAG_DOCUMENT_17,0.0,0,0.6902992315857893,9
110,FLAG_DOCUMENT_18,21.554349899291992,3,0.6902992315857893,9
111,FLAG_DOCUMENT_19,0.0,0,0.6902992315857893,9
112,FLAG_DOCUMENT_20,84.08640003204346,8,0.6902992315857893,9
113,FLAG_DOCUMENT_21,0.0,0,0.6902992315857893,9
114,AMT_REQ_CREDIT_BUREAU_HOUR,153.68556821346283,16,0.6902992315857893,9
115,AMT_REQ_CREDIT_BUREAU_DAY,354.16913402080536,34,0.6902992315857893,9
116,AMT_REQ_CREDIT_BUREAU_WEEK,351.0198287665844,37,0.6902992315857893,9
117,AMT_REQ_CREDIT_BUREAU_MON,2142.075021624565,211,0.6902992315857893,9
118,AMT_REQ_CREDIT_BUREAU_QRT,849.9099214076996,86,0.6902992315857893,9
119,AMT_REQ_CREDIT_BUREAU_YEAR,3315.3870178461075,345,0.6902992315857893,9
0,NAME_CONTRACT_TYPE,197.47980165481567,33,0.692507974448165,10
1,CODE_GENDER,348.2947826087475,68,0.692507974448165,10
2,FLAG_OWN_CAR,210.00364184379578,44,0.692507974448165,10
3,FLAG_OWN_REALTY,439.71132868528366,55,0.692507974448165,10
4,CNT_CHILDREN,586.8761457502842,76,0.692507974448165,10
5,AMT_INCOME_TOTAL,5201.220574349165,561,0.692507974448165,10
6,AMT_CREDIT,6021.1111678779125,643,0.692507974448165,10
7,AMT_ANNUITY,7019.81722176075,691,0.692507974448165,10
8,AMT_GOODS_PRICE,4496.781147450209,430,0.692507974448165,10
9,NAME_TYPE_SUITE,282.9180817604065,31,0.692507974448165,10
10,NAME_INCOME_TYPE,99.05072975158691,12,0.692507974448165,10
11,NAME_EDUCATION_TYPE,219.87602043151855,23,0.692507974448165,10
12,NAME_FAMILY_STATUS,447.278706073761,49,0.692507974448165,10
13,NAME_HOUSING_TYPE,249.66268825531006,26,0.692507974448165,10
14,REGION_POPULATION_RELATIVE,5316.489873081446,500,0.692507974448165,10
15,DAYS_BIRTH,7747.6950279176235,768,0.692507974448165,10
16,DAYS_EMPLOYED,6814.911966025829,676,0.692507974448165,10
17,DAYS_REGISTRATION,6447.075884729624,639,0.692507974448165,10
18,DAYS_ID_PUBLISH,7349.456063598394,720,0.692507974448165,10
19,OWN_CAR_AGE,4128.742633134127,405,0.692507974448165,10
20,FLAG_MOBIL,0.0,0,0.692507974448165,10
21,FLAG_EMP_PHONE,10.124600410461426,1,0.692507974448165,10
22,FLAG_WORK_PHONE,154.95363020896912,15,0.692507974448165,10
23,FLAG_CONT_MOBILE,9.135510444641113,1,0.692507974448165,10
24,FLAG_PHONE,194.60778999328613,18,0.692507974448165,10
25,FLAG_EMAIL,312.87691044807434,35,0.692507974448165,10
26,OCCUPATION_TYPE,4352.631689071655,407,0.692507974448165,10
27,CNT_FAM_MEMBERS,1079.309774696827,113,0.692507974448165,10
28,REGION_RATING_CLIENT,339.5434603691101,33,0.692507974448165,10
29,REGION_RATING_CLIENT_W_CITY,456.78883254528046,48,0.692507974448165,10
30,WEEKDAY_APPR_PROCESS_START,954.8316812515259,98,0.692507974448165,10
31,HOUR_APPR_PROCESS_START,3354.6066240370274,331,0.692507974448165,10
32,REG_REGION_NOT_LIVE_REGION,113.17725014686584,13,0.692507974448165,10
33,REG_REGION_NOT_WORK_REGION,141.09664571285248,14,0.692507974448165,10
34,LIVE_REGION_NOT_WORK_REGION,92.59060037136078,13,0.692507974448165,10
35,REG_CITY_NOT_LIVE_CITY,151.17267084121704,15,0.692507974448165,10
36,REG_CITY_NOT_WORK_CITY,289.94884061813354,27,0.692507974448165,10
37,LIVE_CITY_NOT_WORK_CITY,184.8416230082512,19,0.692507974448165,10
38,ORGANIZATION_TYPE,11344.960478305817,852,0.692507974448165,10
39,EXT_SOURCE_1,6324.742214739323,638,0.692507974448165,10
40,EXT_SOURCE_2,8008.967371493578,782,0.692507974448165,10
41,EXT_SOURCE_3,10209.159971028566,963,0.692507974448165,10
42,APARTMENTS_AVG,3642.814570248127,344,0.692507974448165,10
43,BASEMENTAREA_AVG,4446.936034202576,387,0.692507974448165,10
44,YEARS_BEGINEXPLUATATION_AVG,3415.9429750442505,310,0.692507974448165,10
45,YEARS_BUILD_AVG,3023.9034373164177,278,0.692507974448165,10
46,COMMONAREA_AVG,3494.5201718211174,310,0.692507974448165,10
47,ELEVATORS_AVG,1591.061358332634,139,0.692507974448165,10
48,ENTRANCES_AVG,2200.0731746554375,206,0.692507974448165,10
49,FLOORSMAX_AVG,1462.2729464769363,126,0.692507974448165,10
50,FLOORSMIN_AVG,2248.205162227154,202,0.692507974448165,10
51,LANDAREA_AVG,4148.059545576572,392,0.692507974448165,10
52,LIVINGAPARTMENTS_AVG,3183.0924195051193,280,0.692507974448165,10
53,LIVINGAREA_AVG,3504.7452358603477,299,0.692507974448165,10
54,NONLIVINGAPARTMENTS_AVG,1996.768287062645,176,0.692507974448165,10
55,NONLIVINGAREA_AVG,3569.273110330105,319,0.692507974448165,10
56,APARTMENTS_MODE,3236.053894639015,271,0.692507974448165,10
57,BASEMENTAREA_MODE,3676.9604041576385,320,0.692507974448165,10
58,YEARS_BEGINEXPLUATATION_MODE,2837.048688173294,261,0.692507974448165,10
59,YEARS_BUILD_MODE,2228.8173127174377,197,0.692507974448165,10
60,COMMONAREA_MODE,3364.775084376335,295,0.692507974448165,10
61,ELEVATORS_MODE,828.7403087615967,75,0.692507974448165,10
62,ENTRANCES_MODE,1301.9623452425003,119,0.692507974448165,10
63,FLOORSMAX_MODE,769.329980134964,73,0.692507974448165,10
64,FLOORSMIN_MODE,1184.408840894699,103,0.692507974448165,10
65,LANDAREA_MODE,3165.753938496113,286,0.692507974448165,10
66,LIVINGAPARTMENTS_MODE,3329.0219746232033,289,0.692507974448165,10
67,LIVINGAREA_MODE,3184.1282762289047,277,0.692507974448165,10
68,NONLIVINGAPARTMENTS_MODE,1345.198277413845,123,0.692507974448165,10
69,NONLIVINGAREA_MODE,3321.7228372097015,303,0.692507974448165,10
70,APARTMENTS_MEDI,2357.828072786331,191,0.692507974448165,10
71,BASEMENTAREA_MEDI,2808.7762291431427,240,0.692507974448165,10
72,YEARS_BEGINEXPLUATATION_MEDI,1557.8065683841705,147,0.692507974448165,10
73,YEARS_BUILD_MEDI,1063.5334260463715,99,0.692507974448165,10
74,COMMONAREA_MEDI,1522.3082978725433,142,0.692507974448165,10
75,ELEVATORS_MEDI,623.438591003418,49,0.692507974448165,10
76,ENTRANCES_MEDI,554.5475301742554,55,0.692507974448165,10
77,FLOORSMAX_MEDI,456.96957898139954,47,0.692507974448165,10
78,FLOORSMIN_MEDI,1013.2774379253387,91,0.692507974448165,10
79,LANDAREA_MEDI,2391.839652776718,205,0.692507974448165,10
80,LIVINGAPARTMENTS_MEDI,1864.0717959403992,163,0.692507974448165,10
81,LIVINGAREA_MEDI,2468.4554609060287,225,0.692507974448165,10
82,NONLIVINGAPARTMENTS_MEDI,854.2930519580841,84,0.692507974448165,10
83,NONLIVINGAREA_MEDI,2865.4042024612427,260,0.692507974448165,10
84,FONDKAPREMONT_MODE,226.0611801147461,25,0.692507974448165,10
85,HOUSETYPE_MODE,170.59904146194458,16,0.692507974448165,10
86,TOTALAREA_MODE,3860.0393855571747,344,0.692507974448165,10
87,WALLSMATERIAL_MODE,487.155978679657,47,0.692507974448165,10
88,EMERGENCYSTATE_MODE,55.42358994483948,7,0.692507974448165,10
89,OBS_30_CNT_SOCIAL_CIRCLE,2541.705803692341,231,0.692507974448165,10
90,DEF_30_CNT_SOCIAL_CIRCLE,568.6696875095367,62,0.692507974448165,10
91,OBS_60_CNT_SOCIAL_CIRCLE,1812.4611856937408,181,0.692507974448165,10
92,DEF_60_CNT_SOCIAL_CIRCLE,535.7496096491814,54,0.692507974448165,10
93,DAYS_LAST_PHONE_CHANGE,5984.681928932667,583,0.692507974448165,10
94,FLAG_DOCUMENT_2,0.0,0,0.692507974448165,10
95,FLAG_DOCUMENT_3,367.5476641654968,31,0.692507974448165,10
96,FLAG_DOCUMENT_4,0.0,0,0.692507974448165,10
97,FLAG_DOCUMENT_5,225.93407011032104,22,0.692507974448165,10
98,FLAG_DOCUMENT_6,101.876309633255,12,0.692507974448165,10
99,FLAG_DOCUMENT_7,0.0,0,0.692507974448165,10
100,FLAG_DOCUMENT_8,160.09125137329102,19,0.692507974448165,10
101,FLAG_DOCUMENT_9,44.41384983062744,4,0.692507974448165,10
102,FLAG_DOCUMENT_10,0.0,0,0.692507974448165,10
103,FLAG_DOCUMENT_11,121.304771900177,12,0.692507974448165,10
104,FLAG_DOCUMENT_12,0.0,0,0.692507974448165,10
105,FLAG_DOCUMENT_13,79.64680910110474,9,0.692507974448165,10
106,FLAG_DOCUMENT_14,45.07448053359985,4,0.692507974448165,10
107,FLAG_DOCUMENT_15,41.14373064041138,4,0.692507974448165,10
108,FLAG_DOCUMENT_16,50.62312889099121,5,0.692507974448165,10
109,FLAG_DOCUMENT_17,21.05226993560791,2,0.692507974448165,10
110,FLAG_DOCUMENT_18,45.22486972808838,4,0.692507974448165,10
111,FLAG_DOCUMENT_19,10.901700019836426,1,0.692507974448165,10
112,FLAG_DOCUMENT_20,0.0,0,0.692507974448165,10
113,FLAG_DOCUMENT_21,0.0,0,0.692507974448165,10
114,AMT_REQ_CREDIT_BUREAU_HOUR,115.88052988052368,12,0.692507974448165,10
115,AMT_REQ_CREDIT_BUREAU_DAY,106.17792081832886,12,0.692507974448165,10
116,AMT_REQ_CREDIT_BUREAU_WEEK,225.3899266719818,21,0.692507974448165,10
117,AMT_REQ_CREDIT_BUREAU_MON,1268.8856699466705,126,0.692507974448165,10
118,AMT_REQ_CREDIT_BUREAU_QRT,1152.108844280243,121,0.692507974448165,10
119,AMT_REQ_CREDIT_BUREAU_YEAR,3140.943706512451,302,0.692507974448165,10
